id,ç‰©ä»¶å,ãƒ›ã‚¹ãƒˆID,ãƒ›ã‚¹ãƒˆå,åŸºç¤è‡ªæ²»ä½“å,latitude,longitude,éƒ¨å±‹ã‚¿ã‚¤ãƒ—,å€¤æ®µ,æœ€å°å®¿æ³Šæ•°,ãƒ¬ãƒ“ãƒ¥ãƒ¼æ•°,æœ€æ–°ãƒ¬ãƒ“ãƒ¥ãƒ¼æ—¥,ä¸€æœˆã‚ãŸã‚Šã®ãƒ¬ãƒ“ãƒ¥ãƒ¼æ•°,ãƒ›ã‚¹ãƒˆã®ä¿æœ‰ç‰©ä»¶æ•°,è²¸ã—å‡ºã—ã¦ã„ã‚‹æ—¥æ•°,ãƒªã‚¹ãƒ†ã‚£ãƒ³ã‚°ã®ãƒ¬ãƒ“ãƒ¥ãƒ¼æ•°ï¼ˆéå» 12 ã‹æœˆé–“ï¼‰,license
3814258,apartment hotel TASU TOCO,19611972,å²©é–“,æ‰ä¸¦åŒº,35.70293,139.60045,å»ºç‰©å…¨ä½“,8714,3,218,2024-06-15,1.84,3,161,27,Hotels and Inns Business Act | æ‰ä¸¦åŒºæ‰ä¸¦ä¿å¥æ‰€ | 22ã€€æ‰ä¸¦ç¬¬ã€€37960ã€€å·
3845889,COZY LOFT BEDROOMã€€#106,19089769,Manami,æ‰ä¸¦åŒº,35.70679,139.6551,å»ºç‰©å…¨ä½“,12000,3,91,2020-03-18,0.91,2,21,0,M130000777
3846001,COZY COMFY apartment,19089769,Manami,æ‰ä¸¦åŒº,35.70686575604375,139.6554380782686,å»ºç‰©å…¨ä½“,12000,4,145,2024-06-15,1.22,2,101,23,M130008732
3871442,Nishi-Ogikubo 1BR Roomy (SSH1BRR-S),18776800,è¿‘è—¤,æ‰ä¸¦åŒº,35.70399,139.59775,å»ºç‰©å…¨ä½“,19214,3,36,2020-02-02,0.31,20,50,0,M130002734
4396219,Nishi-Ogikubo 1BR Twin Type-B (SSH1BRT-B) 2F,18776800,è¿‘è—¤,æ‰ä¸¦åŒº,35.70399,139.59775,å»ºç‰©å…¨ä½“,19214,3,55,2024-06-13,0.47,20,106,11,M130002742
4396221,Nishi-Ogikubo 1BR Roomy (SSH1BRR) 5F,18776800,è¿‘è—¤,æ‰ä¸¦åŒº,35.70399,139.59775,å»ºç‰©å…¨ä½“,23643,3,37,2024-05-03,0.33,20,136,14,M130002749
5410242,Steve's International Guest Place,28045851,Steve,æ‰ä¸¦åŒº,35.70055,139.60022,å»ºç‰©å…¨ä½“,10456,4,63,2023-11-29,0.61,1,87,4,M130000018
5464293,Finest Cafe/Bar/Hotel 3F in Asagaya TOKYO /w WIFI,28340699,Kimmy And Dee,æ‰ä¸¦åŒº,35.70459,139.63712,å»ºç‰©å…¨ä½“,8000,2,161,2024-04-29,1.43,2,305,14,Hotels and Inns Business Act | æ‰ä¸¦åŒºæ‰ä¸¦ä¿å¥æ‰€ | 31æ‰ä¿è¡›ç’°ç¬¬50å·
6380625,Sunny House in a Leafy Street,33088758,Nayu,æ‰ä¸¦åŒº,35.67951,139.64878,å»ºç‰©å…¨ä½“,30571,3,167,2024-06-26,1.52,1,173,12,M130001866
6856801,Nishi-Ogikubo 1BR Studio Type-B (SSH1BRS-B) 5F,18776800,è¿‘è—¤,æ‰ä¸¦åŒº,35.70402,139.5977,å»ºç‰©å…¨ä½“,18714,3,67,2024-04-19,0.64,20,231,12,M130002746
6914633,â˜†KOUENJI 5min / SHINJUKU 9min (Free WiFi) â˜†,33705289,Tomomasa,æ‰ä¸¦åŒº,35.70565,139.65262,å»ºç‰©å…¨ä½“,9800,1,267,2024-05-15,2.45,4,82,15,M130001781
7136098,â˜†â˜†KOUENJI 5min / SHINJUKU 10min Free WiFi â˜†â˜†,33705289,Tomomasa,æ‰ä¸¦åŒº,35.70522,139.65431,å»ºç‰©å…¨ä½“,9800,1,124,2024-05-24,1.14,4,228,22,M130001777
7450080,Japanese style room near Shinjuku,39017078,Lina,æ‰ä¸¦åŒº,35.68163,139.65261,ä¸€èˆ¬ä½å®…å€‹å®¤,6500,180,191,2020-03-19,1.76,1,365,0,M130000751
7899504,Top edge house 202,38655722,"Top Edge Co., Ltd.",æ‰ä¸¦åŒº,35.70366,139.62997,ä¸€èˆ¬ä½å®…å€‹å®¤,4800,1,36,2024-06-27,0.34,10,4,6,M130001125
7915597,Top edge house 102,38655722,"Top Edge Co., Ltd.",æ‰ä¸¦åŒº,35.70366,139.62999,ä¸€èˆ¬ä½å®…å€‹å®¤,,1,49,2024-04-16,0.46,10,0,6,M130001125
7954446,Top edge house 103,38655722,"Top Edge Co., Ltd.",æ‰ä¸¦åŒº,35.70365,139.62999,ä¸€èˆ¬ä½å®…å€‹å®¤,4300,1,44,2023-11-28,0.42,10,26,3,M130001125
9239019,SHINJUKU W Fuji House Great VALUE * 2rms 2baths *,10986553,Veronica,æ‰ä¸¦åŒº,35.69144,139.66396,å»ºç‰©å…¨ä½“,14247,2,103,2024-05-26,0.99,1,178,11,M130013034
9437825,Nishi-Ogikubo 1BR Box (SSH1BRBox) 5F,18776800,è¿‘è—¤,æ‰ä¸¦åŒº,35.70415363112948,139.5976820960641,å»ºç‰©å…¨ä½“,20214,1,19,2023-12-22,0.19,20,233,3,M130002745
9825656,"Apt by Carpeneter Spa near Shinjuku, Shimo, Koenji",44812749,Japanstay.Tokyo,æ‰ä¸¦åŒº,35.67275,139.65971,å»ºç‰©å…¨ä½“,11143,2,123,2024-06-16,1.19,11,84,29,Hotels and Inns Business Act | æ‰ä¸¦åŒºæ‰ä¸¦ä¿å¥æ‰€ | 30æ‰ä¿è¡›ç’°ç¬¬331å·
10553744,studio 15minutes to Sinjuku station,54434007,Shohei,æ‰ä¸¦åŒº,35.67441,139.66045,å»ºç‰©å…¨ä½“,12571,1,382,2024-05-27,3.72,5,227,19,M130001764
11575556,"New cozy studio ,10 min to Shinjuku",56131353,Kazutomi,æ‰ä¸¦åŒº,35.70253,139.62658,å»ºç‰©å…¨ä½“,6300,2,200,2024-06-02,1.99,1,16,30,M130000322
11675888,studio 15min to Sinjuku station #2,54434007,Shohei,æ‰ä¸¦åŒº,35.67266,139.66013,å»ºç‰©å…¨ä½“,11857,1,398,2024-06-09,3.95,5,242,25,M130001769
11997228,8mins to Shinjuku/1m to sta on foot/by the pond,11686184,Yoko,æ‰ä¸¦åŒº,35.70502,139.63193,å»ºç‰©å…¨ä½“,21104,2,179,2024-06-23,1.80,2,169,40,M130002732
12073235,HAMADAYAMA! COZY HOME IDEAL FOR LONG STAY/FAMILIES,37753161,Den,æ‰ä¸¦åŒº,35.68305,139.62548,ä¸€èˆ¬ä½å®…å€‹å®¤,30000,3,21,2024-06-12,0.24,1,152,4,M130001154
14015855,Nishi-Ogikubo 2BR Type-A (SSH2BR-A) 2F,18776800,è¿‘è—¤,æ‰ä¸¦åŒº,35.70399,139.59775,å»ºç‰©å…¨ä½“,31214,3,25,2024-04-25,0.27,20,60,6,M130002737
14018114,Nishi-Ogikubo 2BR Type-B (SSH2BR-B) 2F,18776800,è¿‘è—¤,æ‰ä¸¦åŒº,35.70399,139.59775,å»ºç‰©å…¨ä½“,25571,3,24,2024-04-29,0.27,20,102,8,M130002738
14094167,Nishi-Ogikubo 1BR Studio Type-A (SSH1BRS-A) 4F,18776800,è¿‘è—¤,æ‰ä¸¦åŒº,35.70399,139.59775,å»ºç‰©å…¨ä½“,18714,3,40,2024-05-31,0.43,20,213,11,M130002743
14618565,Nishi-Ogikubo 1BR Type-A1 (SSH-A1) 4F,18776800,è¿‘è—¤,æ‰ä¸¦åŒº,35.70399,139.59775,å»ºç‰©å…¨ä½“,19714,3,37,2024-05-03,0.52,20,182,12,M130002736
14700936,Nishi-Ogikubo 1BR Type-A2 (SSH-A2) 6F,18776800,è¿‘è—¤,æ‰ä¸¦åŒº,35.70399,139.59775,å»ºç‰©å…¨ä½“,19714,3,40,2024-06-05,0.44,20,169,10,M130002735
14701831,Nishi-Ogikubo 1BR Type-B1 (SSH-B1) 6F,18776800,è¿‘è—¤,æ‰ä¸¦åŒº,35.70399,139.59775,å»ºç‰©å…¨ä½“,17714,3,43,2024-05-29,0.53,20,172,12,M130002740
14715333,Nishi-Ogikubo 1BR Type-B2 (SSH-B2) 7F,18776800,è¿‘è—¤,æ‰ä¸¦åŒº,35.70399,139.59775,å»ºç‰©å…¨ä½“,19214,3,37,2024-05-06,0.47,20,209,5,M130002744
15276332,ãŠã²ã¨ã‚Šæ§˜ç”¨ã€€å°ã•ãªã‚²ã‚¹ãƒˆãƒ«ãƒ¼ãƒ  room wi-fiã€€é•·æœŸå‰²å¼•ã‚ã‚Šï¼å­¦ç”Ÿæ­“è¿ï¼,93851602,Shigeru,æ‰ä¸¦åŒº,35.68252,139.65907,å»ºç‰©å…¨ä½“,12000,5,55,2024-05-29,0.60,6,171,6,M130000001
15905026,(KB#21) minute to station near Shinjuku/Koenji!,17228309,ZenHOMES,æ‰ä¸¦åŒº,35.69676,139.66012,å»ºç‰©å…¨ä½“,14357,2,131,2024-06-05,1.42,13,53,22,M130012430
16004073,(KB#21R) minute to station near Shinjuku/Koenji!,17228309,ZenHOMES,æ‰ä¸¦åŒº,35.69893,139.65931,å»ºç‰©å…¨ä½“,,2,111,2024-05-26,1.20,13,0,24,M130012432
16166539,[new construction]  1min Iogi Sta. /17min Shinjuku,2931434,Daisuke,æ‰ä¸¦åŒº,35.72524,139.6142,å»ºç‰©å…¨ä½“,12916,1,98,2024-06-03,1.07,1,225,17,Hotels and Inns Business Act | æ‰ä¸¦åŒºæ‰ä¸¦ä¿å¥æ‰€ | 30æ‰ä¿è¡›ç’°ç¬¬239å·
16374412,å¾ˆå¸…ç”·ç”Ÿåœ¨è¿™é‡Œ å¼€å§‹å…»çŒ«å’ª,36879269,Hiro,æ‰ä¸¦åŒº,35.70738,139.64501,ä¸€èˆ¬ä½å®…å€‹å®¤,,4,118,2024-03-30,1.29,3,0,9,M130008733
16457727,Nishi-Ogikubo 1BR Twin Type-C (SSH1BRT-C) 3F,18776800,è¿‘è—¤,æ‰ä¸¦åŒº,35.70399,139.59775,å»ºç‰©å…¨ä½“,19714,3,29,2024-06-05,0.33,20,207,6,M130002750
16480522,å¾ˆé…·ç”·ç”Ÿåœ¨è¿™é‡Œ,36879269,Hiro,æ‰ä¸¦åŒº,35.70971,139.64506,ä¸€èˆ¬ä½å®…å€‹å®¤,12857,7,65,2024-03-11,0.71,3,131,6,M130008733
16625740,CuteFamilyHouse! 3LDK 6min Shinjuku/3min JR Sta.,36582105,Emi,æ‰ä¸¦åŒº,35.70504,139.64676,å»ºç‰©å…¨ä½“,33557,2,345,2024-06-27,3.79,3,127,58,Hotels and Inns Business Act | æ±äº¬éƒ½æ‰ä¸¦åŒºä¿å¥æ‰€ | 29æ‰ä¿è¡›ç’°ç¬¬532å·
16692808,å’Œå®¤ã‚­ãƒƒãƒãƒ³ãƒã‚¹ãƒˆã‚¤ãƒ¬+room wi-fiï¼‹LANã€€é•·æœŸå‰²å¼•ã‚ã‚Šï¼å­¦ç”Ÿæ­“è¿ï¼,93851602,Shigeru,æ‰ä¸¦åŒº,35.68129,139.65952,å»ºç‰©å…¨ä½“,10000,5,40,2024-05-30,0.47,6,194,6,M130000001
16694529,å‡ºå¼µã‚„ä¸€äººæ—…ã«ã´ã£ãŸã‚Šã® room wifiã€€é•·æœŸå‰²ã‚ã‚Šï¼,93851602,Shigeru,æ‰ä¸¦åŒº,35.68129,139.65952,å»ºç‰©å…¨ä½“,12000,5,61,2024-01-26,0.68,6,194,2,M130000001
17548435,Quiet nest in Tokyo.,75139813,äº¬å­,æ‰ä¸¦åŒº,35.67721,139.61593,å»ºç‰©å…¨ä½“,7700,1,127,2024-04-09,1.43,1,273,9,M130001605
17766599,â˜†KOUENJI 5min / SHINJUKU 10min( Free WiFi )â˜†â˜†â˜†,33705289,Tomomasa,æ‰ä¸¦åŒº,35.70489,139.65422,å»ºç‰©å…¨ä½“,9800,1,121,2024-05-19,1.38,4,258,16,M130001772
17948801,Comfortable! Cynthia House - Yellow Room,123150587,Cynthia,æ‰ä¸¦åŒº,35.68977,139.62307,ä¸€èˆ¬ä½å®…å€‹å®¤,,2,44,2022-11-25,0.50,3,0,0,M130000284
18202550,"[Rurban-105] Near Shinjyuku, GHIBLI Mus!!",44129333,Yuichi,æ‰ä¸¦åŒº,35.70443,139.5991,å»ºç‰©å…¨ä½“,12000,3,168,2024-05-06,1.92,4,33,15,M130028835
19080214,VILLA KUSUNOKI SHINJUKU shibuya within 10 mintues,52622646,ä¿¡æ™¶,æ‰ä¸¦åŒº,35.69385,139.66458,å»ºç‰©å…¨ä½“,24343,6,12,2023-12-16,0.22,1,112,9,M130019425
19355397,â˜†â˜†â˜†é«˜å††å¯ºé§…ã‹ã‚‰5åˆ†/æ–°å®¿ã¾ã§9åˆ†ï¼å‰ç¥¥å¯ºã¾ã§8åˆ†(wifiã‚ã‚Š)â˜†â˜†â˜†,130718682,å‹æ”¿,æ‰ä¸¦åŒº,35.70347,139.65277,å»ºç‰©å…¨ä½“,11111,1,98,2024-05-27,1.17,1,315,14,M130001774
19413842,"Sophisticated  room,  Katakoto Inn 201",224251148,çµé¦™,æ‰ä¸¦åŒº,35.70392,139.61303,ä¸€èˆ¬ä½å®…å€‹å®¤,18729,1,119,2024-05-21,1.41,2,158,17,M130002560
19439403,"Your hideaway room, Katakoto Inn #202",224251148,çµé¦™,æ‰ä¸¦åŒº,35.70458,139.61126,ä¸€èˆ¬ä½å®…å€‹å®¤,15282,1,160,2024-06-09,1.88,2,155,13,M130002560
19774645,Cozy private apartment 8min train to Shinjuku!,30706521,Yong,æ‰ä¸¦åŒº,35.69884,139.65964,å»ºç‰©å…¨ä½“,11129,2,136,2024-06-25,1.61,3,67,19,M130004585
20041303,#5 studio 15min to Shinjuku station #5 apartment,54434007,Shohei,æ‰ä¸¦åŒº,35.67413,139.66024,å»ºç‰©å…¨ä½“,11857,1,233,2024-06-11,2.78,5,282,18,M130001763
20058771,Fun 2nd floor Apt w Loft Shinjuku5min Shimo Koenj,44812749,Japanstay.Tokyo,æ‰ä¸¦åŒº,35.67275,139.65971,å»ºç‰©å…¨ä½“,11143,2,39,2024-06-01,0.69,11,232,22,Hotels and Inns Business Act | æ‰ä¸¦åŒºæ‰ä¸¦ä¿å¥æ‰€ | 30ä¿è¡›ç’°ç¬¬331å·
20133389,10 min to Shinjuku. A Japanese style house.,137495256,Kenichi,æ‰ä¸¦åŒº,35.70869,139.63445,ä¸€èˆ¬ä½å®…å€‹å®¤,,3,195,2024-06-13,2.33,1,9,35,M130001412
20233369,Clean & Comfortable! Cynthia House,123150587,Cynthia,æ‰ä¸¦åŒº,35.69024,139.62522,ä¸€èˆ¬ä½å®…å€‹å®¤,16225,2,40,2024-05-20,0.51,3,10,12,M130000284
20458950,Home Tokyo Koenji- Tatami Room,30807537,Junko,æ‰ä¸¦åŒº,35.70784,139.64664,å»ºç‰©å…¨ä½“,11261,1,95,2024-05-22,1.14,3,66,22,M130004583
20576512,#4 studio 15min to Sinjuku station #4 apartment,54434007,Shohei,æ‰ä¸¦åŒº,35.6728,139.66015,å»ºç‰©å…¨ä½“,11857,1,140,2024-05-27,1.68,5,285,26,M130001765
20866034,é§…è¿‘ã€æ˜­å’Œã®å’Œå®¤ã§æš®ã‚‰ã™ã€‚room wi-fiä»˜ã€€é•·æœŸå‰²å¼•ã‚ã‚Šï¼å­¦ç”Ÿæ­“è¿ï¼,93851602,Shigeru,æ‰ä¸¦åŒº,35.68129,139.65952,å»ºç‰©å…¨ä½“,10000,5,37,2024-05-03,0.46,6,166,5,M130000001
20880820,Home Tokyo Koenji- Japanese Tatami Room,30807537,Junko,æ‰ä¸¦åŒº,35.70573,139.64719,å»ºç‰©å…¨ä½“,11857,1,116,2024-06-08,1.42,3,23,17,M130004582
21102829,â‘ Shin-koenji Guesthouseã€Female onlyï¼†Private roomã€‘,44129457,Sangwon,æ‰ä¸¦åŒº,35.69107,139.65181,ä¸€èˆ¬ä½å®…å€‹å®¤,,1,49,2020-01-17,0.60,8,0,0,M130003035
21113541,â‘¡Shin-koenji Guesthouseã€Female onlyï¼†Private roomã€‘,44129457,Sangwon,æ‰ä¸¦åŒº,35.69107,139.65181,ä¸€èˆ¬ä½å®…å€‹å®¤,,1,38,2019-10-27,0.47,8,0,0,M130003035
21182191,â‘¢Shin-koenji Guesthouseã€Female onlyï¼†Private roomã€‘,44129457,Sangwon,æ‰ä¸¦åŒº,35.69107,139.65181,ä¸€èˆ¬ä½å®…å€‹å®¤,,1,33,2019-11-04,0.41,8,0,0,M130003035
21209298,â‘£Shin-koenji Guesthouseã€Female onlyï¼†Private roomã€‘,44129457,Sangwon,æ‰ä¸¦åŒº,35.69107,139.65181,ä¸€èˆ¬ä½å®…å€‹å®¤,,1,44,2020-02-18,0.54,8,0,0,M130003035
21220334,â‘¤Shin-koenji Guesthouseã€Female onlyï¼†Private roomã€‘,44129457,Sangwon,æ‰ä¸¦åŒº,35.69107,139.65181,ä¸€èˆ¬ä½å®…å€‹å®¤,,1,31,2019-11-29,0.39,8,0,0,M130003035
21721258,3Aâ˜…PET OKâ˜…Sunny1BedRmAPT 8mins>Shinjuku w/parking,100098226,Tomoko Cathy,æ‰ä¸¦åŒº,35.689431717738216,139.66242275146632,å»ºç‰©å…¨ä½“,8931,2,102,2024-05-26,1.27,3,343,10,Hotels and Inns Business Act | æ±äº¬éƒ½æ‰ä¸¦åŒºä¿å¥æ‰€ | 30æ‰ä¿è¡›ç’°ç¬¬279å·
21804845,Nishi-Ogikubo 1BR Twin Type-D (SSH1BRT-D) 5F,18776800,è¿‘è—¤,æ‰ä¸¦åŒº,35.70399,139.59775,å»ºç‰©å…¨ä½“,19214,3,33,2024-05-26,0.42,20,191,3,M130002741
21820201,SHINJUKU W â˜… FujiHouse 2rooms 2baths â˜… Best Value,4626879,Tracey,æ‰ä¸¦åŒº,35.6922,139.66286,å»ºç‰©å…¨ä½“,19125,1,58,2024-04-12,0.74,8,178,12,M130013033
22070345,To Shinjuku 2 fastest stops/Japanese apt for ï¼–,158802471,Miyu,æ‰ä¸¦åŒº,35.70528,139.6515,å»ºç‰©å…¨ä½“,29943,3,133,2024-06-20,1.67,3,161,25,M130003242
22090987,To Shinjuku 2 fastest stops/Japanese apt for 6,158802471,Miyu,æ‰ä¸¦åŒº,35.70546,139.65077,å»ºç‰©å…¨ä½“,32171,3,155,2024-06-23,1.94,3,114,33,Hotels and Inns Business Act | æ‰ä¸¦åŒºæ‰ä¸¦ä¿å¥æ‰€ | 4æ‰ä¿è¡›ç’°ç¬¬366å·
22892704,Guest House Koenji Junjo Hotel 101 (Shinjuku:7min),169437708,Junjo Hotel,æ‰ä¸¦åŒº,35.70617,139.65349,ä¸€èˆ¬ä½å®…å€‹å®¤,,1,5,2023-08-18,0.07,5,126,1,Hotels and Inns Business Act | æ‰ä¸¦åŒºæ‰ä¸¦ä¿å¥æ‰€ | 29æ‰ä¿è¡›ç’°ç¬¬406å·
22893534,Guest House Koenji Junjo Hotel 103 (Shinjuku:7min),169437708,Junjo Hotel,æ‰ä¸¦åŒº,35.7057,139.65403,ä¸€èˆ¬ä½å®…å€‹å®¤,,1,19,2024-05-30,0.26,5,64,5,Hotels and Inns Business Act | æ‰ä¸¦åŒºæ‰ä¸¦ä¿å¥æ‰€ | 29æ‰ä¿è¡›ç’°ç¬¬406å·
22893694,Guest House Koenji Junjo Hotel 102 (Shinjuku:7min),169437708,Junjo Hotel,æ‰ä¸¦åŒº,35.70635,139.65371,ä¸€èˆ¬ä½å®…å€‹å®¤,,1,14,2024-05-18,0.19,5,111,1,Hotels and Inns Business Act | æ‰ä¸¦åŒºæ‰ä¸¦ä¿å¥æ‰€ | 29æ‰ä¿è¡›ç’°ç¬¬406å·
22894319,Guest House Koenji Junjo Hotel 104 (Shinjuku:7min),169437708,Junjo Hotel,æ‰ä¸¦åŒº,35.7061,139.65392,ä¸€èˆ¬ä½å®…å€‹å®¤,,1,6,2023-03-20,0.08,5,113,0,Hotels and Inns Business Act | æ‰ä¸¦åŒºæ‰ä¸¦ä¿å¥æ‰€ | 29æ‰ä¿è¡›ç’°ç¬¬406å·
22894468,Guest House Koenji Junjo Hotel 105 (Shinjuku:7min),169437708,Junjo Hotel,æ‰ä¸¦åŒº,35.70603,139.65395,ä¸€èˆ¬ä½å®…å€‹å®¤,6200,1,27,2024-02-12,0.37,5,95,2,Hotels and Inns Business Act | æ‰ä¸¦åŒºæ‰ä¸¦ä¿å¥æ‰€ | 29æ‰ä¿è¡›ç’°ç¬¬406å·
23506737,A cozy life in Suginami - direct train to Shibuya!,68828017,Nanako,æ‰ä¸¦åŒº,35.67886,139.63364,å»ºç‰©å…¨ä½“,52857,2,64,2024-05-31,0.87,2,112,11,M130000079
23720011,æ–°å®¿ã¾ã§2é§…ã§éƒ¨å±‹ã‹ã‚‰10åˆ†ã€€é§…è¿‘ãªã®ã«é™ã‹ãªå¿«é©ç’°å¢ƒã®å°ã•ãªãƒãƒ³ã‚·ãƒ§ãƒ³ã‚¹ãƒ†ã‚¤ã€‚,152014889,Takashi & Shiho,æ‰ä¸¦åŒº,35.70565,139.64929,å»ºç‰©å…¨ä½“,20357,2,160,2024-06-18,2.10,1,130,54,Hotels and Inns Business Act | æ‰ä¸¦åŒºæ‰ä¸¦ä¿å¥æ‰€ | 5æ‰ä¿è¡›ç’°ç¬¬257å·
23774007,"301â˜…wifi18 min to Shinjuku, 2 min walk station",177445547,Enzo,æ‰ä¸¦åŒº,35.7242,139.61218,å»ºç‰©å…¨ä½“,5560,1,145,2024-06-24,1.91,37,113,46,Hotels and Inns Business Act | æ‰ä¸¦åŒºä¿å¥æ‰€ | 30æ‰ä¿è¡›ç’°ç¬¬348å·
23782998,306wifi18 minutes to Shinjuku!  2 min walk station,177445547,Enzo,æ‰ä¸¦åŒº,35.72557,139.61375,å»ºç‰©å…¨ä½“,6129,1,61,2024-06-05,0.80,37,164,9,Hotels and Inns Business Act | æ±äº¬éƒ½æ‰ä¸¦ä¿å¥æ‰€ | 30æ‰ä¿è¡›ç’°ç¬¬348å·
23791991,406wifi18 minutes to Shinjuku!  2 min walk station,177445547,Enzo,æ‰ä¸¦åŒº,35.72487,139.61414,å»ºç‰©å…¨ä½“,6000,1,78,2024-06-09,1.03,37,100,16,Hotels and Inns Business Act | æ±äº¬éƒ½æ‰ä¸¦åŒºä¿å¥æ‰€ | 30æ‰ä¿è¡›ç’°ç¬¬348å·
23812494,401wifi18 minutes to Shinjuku!  2 min walk station,177445547,Enzo,æ‰ä¸¦åŒº,35.72491,139.61461,å»ºç‰©å…¨ä½“,6950,1,145,2024-06-25,1.91,37,243,39,Hotels and Inns Business Act | æ±äº¬éƒ½æ‰ä¸¦åŒº | 30æ‰ä¿è¡›ç’°ç¬¬348å·
24239837,"1 minute to Takaido! Direct to Shibuya ,Kichijoji",182723327,Takada,æ‰ä¸¦åŒº,35.68296,139.61549,å»ºç‰©å…¨ä½“,12618,2,105,2024-06-06,1.39,5,335,14,M130031745
24268546,å’Œå®¤ã¨ã‚­ãƒƒãƒãƒ³ room wi-fi é•·æœŸå‰²å¼•ã‚ã‚Šã€‚é§…è¿‘ã€å­¦ç”Ÿæ­“è¿ï¼,93851602,Shigeru,æ‰ä¸¦åŒº,35.68129,139.65952,å»ºç‰©å…¨ä½“,12000,5,23,2022-07-31,0.31,6,166,0,M130000001
24336670,ãƒªãƒªãƒ¬ã‚ªã€€é«˜å††å¯ºã€€101å·å®¤,23956957,Kana,æ‰ä¸¦åŒº,35.70236,139.64628,å»ºç‰©å…¨ä½“,29571,1,129,2024-02-26,1.71,3,215,12,M130000219
24357706,Ririleo Koenji Room 102. 2 stations from Shinjuku,23956957,Kana,æ‰ä¸¦åŒº,35.70034,139.64569,å»ºç‰©å…¨ä½“,27600,1,117,2024-06-15,1.56,3,182,34,M130000220
24378724,Ririleo Koenji Room 103. 2 stations from Shinjuku,23956957,Kana,æ‰ä¸¦åŒº,35.70197,139.64617,å»ºç‰©å…¨ä½“,29571,1,135,2024-06-07,1.80,3,192,24,M130000221
25389822,Vacant room in my house I live in . Semi-Private,191676897,Studio-R,æ‰ä¸¦åŒº,35.6768,139.6612,ä¸€èˆ¬ä½å®…å€‹å®¤,8286,2,98,2024-06-27,1.33,1,116,24,M130002887
25895949,"Nature, vegetarian, Ghibli !  Unique Aero House",36335780,Yoko,æ‰ä¸¦åŒº,35.71649,139.59821,ä¸€èˆ¬ä½å®…å€‹å®¤,6435,3,74,2024-06-11,1.01,2,103,26,M130000309
26681306,#1 50ã¡ Renovated Spacious House near Shinjuku/WiFi,200518670,Jun,æ‰ä¸¦åŒº,35.72175,139.62297,å»ºç‰©å…¨ä½“,13229,1,121,2024-06-27,1.75,2,342,18,M130006856
27963951,503 ENZO iogi Condo and Apartment,177445547,Enzo,æ‰ä¸¦åŒº,35.72346,139.61285,å»ºç‰©å…¨ä½“,5036,1,144,2024-06-15,2.04,37,84,38,Hotels and Inns Business Act | æ±äº¬éƒ½æ‰ä¸¦åŒº | 30æ‰ä¿è¡›ç’°ç¬¬348å·
28017428,CuteFamilyHouse FreeParking 6minShinjuku 6minSta.,36582105,Emi,æ‰ä¸¦åŒº,35.67344,139.66048,å»ºç‰©å…¨ä½“,33429,2,228,2024-06-27,3.31,3,162,50,Hotels and Inns Business Act | æ±äº¬éƒ½æ‰ä¸¦åŒºä¿å¥æ‰€ | 30æ‰ä¿è¡›ç’°ç¬¬207å·
28070939,"Aero House 2: meet  local life, Nature,vegetarian",36335780,Yoko,æ‰ä¸¦åŒº,35.71602,139.59818,ä¸€èˆ¬ä½å®…å€‹å®¤,7239,3,29,2024-06-13,0.42,2,99,16,M130000309
28259271,Apartment style in Shinjuku area (B&B TOKYO),87485600,Mamoru,æ‰ä¸¦åŒº,35.6889,139.66083,å»ºç‰©å…¨ä½“,11414,4,43,2024-06-26,0.63,2,33,11,Hotels and Inns Business Act | æ‰ä¸¦åŒºæ‰ä¸¦ä¿å¥æ‰€ | 30æ‰ä¿è¡›ç’°ç¬¬195å·
28291612,70ã¡ fully private house (10min to Shinjuku),87485600,Mamoru,æ‰ä¸¦åŒº,35.6891,139.66098,å»ºç‰©å…¨ä½“,27500,4,20,2024-06-12,0.34,2,54,3,Hotels and Inns Business Act | æ±äº¬éƒ½æ‰ä¸¦åŒºä¿å¥æ‰€ | 30æ‰ä¿è¡›ç’°ç¬¬427å·
28371492,w/Breakfast. calming space. 13 mins to inner city,214203053,Yagi,æ‰ä¸¦åŒº,35.67534150115842,139.63408970832828,ä¸€èˆ¬ä½å®…å€‹å®¤,23714,1,124,2024-06-29,1.76,1,162,27,M130007266
28445305,Azabujuban ST/BIG Place,209649623,ApartmentforstayTaise Cristina,æ‰ä¸¦åŒº,35.69369,139.62975,å»ºç‰©å…¨ä½“,30000,7,5,2019-10-29,0.07,2,363,0,M130005863
28628677,#2 50ã¡ Renovated Spacious House near Shinjuku/WiFi,200518670,Jun,æ‰ä¸¦åŒº,35.72321,139.62165,å»ºç‰©å…¨ä½“,14229,1,75,2024-06-08,1.09,2,269,12,M130006857
28790938,Private In Tokyo /3min Sta Anything within 3 min,138109993,Sae,æ‰ä¸¦åŒº,35.68428,139.62799,å»ºç‰©å…¨ä½“,,180,33,2020-04-25,0.48,3,179,0,M130008994
29021285,5 min to Shin-Koenji Sta. Woman only 4 dorm beds.,38655722,"Top Edge Co., Ltd.",æ‰ä¸¦åŒº,35.70057,139.64757,ãƒ›ãƒ†ãƒ«å€‹å®¤,4714,1,32,2024-04-30,0.46,10,358,16,Hotels and Inns Business Act | æ‰ä¸¦åŒºæ‰ä¸¦ä¿å¥æ‰€ | 30æ‰ä¿è¡›ç’°ç¬¬241å·
29027070,5 min to Shin-Koenji Sta. Mixed 6 dorm beds.,38655722,"Top Edge Co., Ltd.",æ‰ä¸¦åŒº,35.70056,139.64752,ãƒ›ãƒ†ãƒ«å€‹å®¤,4714,1,61,2023-12-25,0.88,10,358,7,Hotels and Inns Business Act | æ‰ä¸¦åŒºæ‰ä¸¦ä¿å¥æ‰€ | 30æ‰ä¿è¡›ç’°ç¬¬241å·
29226455,B&B /Room 3,209649623,ApartmentforstayTaise Cristina,æ‰ä¸¦åŒº,35.69314,139.62926,ä¸€èˆ¬ä½å®…å€‹å®¤,5500,7,10,2024-05-23,0.15,2,333,2,M130005863
29326227,CuteFamilyHouse! 8min Shinjuku 5minJR/3minSub,36582105,Emi,æ‰ä¸¦åŒº,35.70129,139.63556,å»ºç‰©å…¨ä½“,29057,2,213,2024-06-11,3.15,3,143,57,Hotels and Inns Business Act | æ±äº¬éƒ½æ‰ä¸¦åŒºä¿å¥æ‰€ | 30æ‰ä¿è¡›ç’°ç¬¬208å·
29341217,"Private, entire apartment for long term  stay",221051191,Heath,æ‰ä¸¦åŒº,35.71101,139.6154,å»ºç‰©å…¨ä½“,11000,7,36,2024-04-18,0.52,1,149,6,M130008470
29545441,ã€Room Rentalã€‘5 min to Shin-Koenji Sta. 4 dorm beds,38655722,"Top Edge Co., Ltd.",æ‰ä¸¦åŒº,35.7017,139.64687,ãƒ›ãƒ†ãƒ«å€‹å®¤,18857,1,10,2023-12-09,0.15,10,300,2,Hotels and Inns Business Act | æ‰ä¸¦åŒºæ‰ä¸¦ä¿å¥æ‰€ | 30æ‰ä¿è¡›ç’°ç¬¬241å·
29571169,ã€Room Rentalã€‘5 min to Shin-Koenji Sta. 6 dorm beds,38655722,"Top Edge Co., Ltd.",æ‰ä¸¦åŒº,35.6995,139.64646,ãƒ›ãƒ†ãƒ«å€‹å®¤,28286,1,1,2022-05-22,0.04,10,274,0,Hotels and Inns Business Act | æ‰ä¸¦åŒºæ‰ä¸¦ä¿å¥æ‰€ | 30æ‰ä¿è¡›ç’°ç¬¬241å·
30084207,201 Just perfect Apartment Hotel 3min Sta 24H SM,138109993,Sae,æ‰ä¸¦åŒº,35.684322,139.628708,å»ºç‰©å…¨ä½“,17695,10,19,2024-06-01,0.34,3,178,5,M130020759
30333801,ENZO Tokyo 502,177445547,Enzo,æ‰ä¸¦åŒº,35.72489,139.61449,å»ºç‰©å…¨ä½“,6950,1,128,2024-06-25,1.94,37,237,28,Hotels and Inns Business Act | æ±äº¬éƒ½æ‰ä¸¦åŒºä¿å¥æ‰€ | 30æ‰ä¿è¡›ç’°ç¬¬348å·
30405904,â‘¦Shin-koenji Guesthouseã€Female onlyï¼†Private roomã€‘,44129457,Sangwon,æ‰ä¸¦åŒº,35.69106,139.65183,ä¸€èˆ¬ä½å®…å€‹å®¤,,1,19,2020-01-03,0.28,8,0,0,M130003035
30744535,Great access apt Shinjuku5min near Shimkita Koenji,44812749,Japanstay.Tokyo,æ‰ä¸¦åŒº,35.67364,139.65875,å»ºç‰©å…¨ä½“,10000,2,17,2019-10-30,0.26,11,38,0,Hotels and Inns Business Act | æ±äº¬éƒ½æ‰ä¸¦åŒºæ‰ä¸¦ä¿å¥æ‰€ | 30æ‰ä¿è¡›ç’°ç¬¬331å·
30745006,"Cozy Apt w loft on 2nd floor, Shinjuku 5mins ride",44812749,Japanstay.Tokyo,æ‰ä¸¦åŒº,35.6732,139.65853,å»ºç‰©å…¨ä½“,12000,2,13,2024-06-09,0.20,11,301,5,Hotels and Inns Business Act | æ±äº¬éƒ½æ‰ä¸¦åŒºæ‰ä¸¦ä¿å¥æ‰€ | 30æ‰ä¿è¡›ç’°ç¬¬331å·
30745059,Exodus Apt Shinjku 5min. Shimokitzwa Koenji Nakano,44812749,Japanstay.Tokyo,æ‰ä¸¦åŒº,35.67382,139.65865,å»ºç‰©å…¨ä½“,8914,1,46,2024-04-21,0.75,11,61,20,Hotels and Inns Business Act | æ±äº¬éƒ½æ‰ä¸¦ä¿å¥æ‰€ | 30æ‰ä¿è¡›ç’°ç¬¬331å·
30970703,Private Guest House IIDE *3 min from Sta. (3F&4F),231403014,Iide,æ‰ä¸¦åŒº,35.70684,139.64889,å»ºç‰©å…¨ä½“,17000,3,24,2024-02-18,0.38,2,132,11,Hotels and Inns Business Act | æ‰ä¸¦åŒºæ‰ä¸¦ä¿å¥æ‰€ | 28æ‰ä¿è¡›ç’°ç¬¬528å·
31027507,Nishi-Ogikubo 1BR TWIN Type-E (SSH1BRT-E)4F,18776800,è¿‘è—¤,æ‰ä¸¦åŒº,35.70476,139.59881,å»ºç‰©å…¨ä½“,25071,3,20,2024-06-10,0.31,20,168,8,M130009450
31393925,Relaxing room with open-air bath at Koenji,234912666,Noriaki,æ‰ä¸¦åŒº,35.70406,139.65353,å»ºç‰©å…¨ä½“,12157,2,92,2024-06-23,1.40,3,58,29,M130011648
31560051,[Cultural exchange][Homestay] in Tokyo,236552325,Miki,æ‰ä¸¦åŒº,35.67563,139.61552,ä¸€èˆ¬ä½å®…å€‹å®¤,6943,1,28,2024-06-08,2.91,1,43,28,M130025432
31584489,303 Enzo Tokyo,177445547,Enzo,æ‰ä¸¦åŒº,35.72554,139.61415,å»ºç‰©å…¨ä½“,6000,1,54,2024-05-11,0.82,37,153,12,Hotels and Inns Business Act | æ±äº¬éƒ½æ‰ä¸¦åŒºä¿å¥æ‰€ | 30æ‰ä¿è¡›ç’°ç¬¬348å·
31584675,505 Enzo Tokyo,177445547,Enzo,æ‰ä¸¦åŒº,35.72555,139.61372,å»ºç‰©å…¨ä½“,5036,1,160,2024-06-19,2.42,37,85,42,Hotels and Inns Business Act | æ±äº¬éƒ½æ‰ä¸¦åŒºä¿å¥æ‰€ | 30æ‰ä¿è¡›ç’°ç¬¬348å·
31600879,Modern Japanese style fusion HOME Free Parking,37236474,M,æ‰ä¸¦åŒº,35.69331,139.65041,å»ºç‰©å…¨ä½“,45000,2,29,2024-05-26,0.45,1,91,8,M130017229
32538721,NEW OPEN! Koenji sta 5mins/Shijyuku 10mins,33705289,Tomomasa,æ‰ä¸¦åŒº,35.704207418892736,139.65421060292672,ä¸€èˆ¬ä½å®…å€‹å®¤,29000,1,3,2024-05-23,1.27,4,225,3,M130038837
32552123,â‘§Shin-koenji Guesthouseã€Female onlyï¼†Private roomã€‘,44129457,Sangwon,æ‰ä¸¦åŒº,35.69005,139.65088,ä¸€èˆ¬ä½å®…å€‹å®¤,,1,11,2020-01-02,0.17,8,0,0,M130003035
32625008,é«˜å††å¯ºé§…å¾’æ­©4åˆ†ï½œä¸€æ£Ÿæˆ¸å»º*3LDK*87ã¡ï½œæœ€å¤§ï¼™åï½œé«˜é€ŸWiFiï½œNetFï½œWii Uä»–,173784603,Naoto,æ‰ä¸¦åŒº,35.70573425292969,139.6470184326172,å»ºç‰©å…¨ä½“,31950,2,77,2024-06-17,1.20,2,247,21,M130014046
32902682,Design Urban Apt near Shinjuku on 2nd floor,44812749,Japanstay.Tokyo,æ‰ä¸¦åŒº,35.67276,139.65976,å»ºç‰©å…¨ä½“,8914,1,65,2024-06-16,1.02,11,288,34,Hotels and Inns Business Act | æ‰ä¸¦åŒºæ‰ä¸¦ä¿å¥æ‰€ | 30æ‰ä¿è¡›ç’°ç¬¬331å·
33597346,(KB#61) Fashionable 2bedrooms 1minute to station,17228309,ZenHOMES,æ‰ä¸¦åŒº,35.69713,139.65814,å»ºç‰©å…¨ä½“,19143,2,53,2024-06-21,0.85,13,5,35,M130015398
34027261,apartment hotel TASU TOCO Room 305,19611972,å²©é–“,æ‰ä¸¦åŒº,35.70631,139.59767,å»ºç‰©å…¨ä½“,7850,3,101,2024-05-19,1.62,3,157,16,Hotels and Inns Business Act | æ‰ä¸¦åŒºæ‰ä¸¦ä¿å¥æ‰€ | 31æ‰ä¿è¡›ç’°ç¬¬4å·
34065718,apartment hotel TASU TOCO room 304,19611972,å²©é–“,æ‰ä¸¦åŒº,35.70415,139.59797,å»ºç‰©å…¨ä½“,11929,3,74,2024-06-16,1.18,3,206,20,Hotels and Inns Business Act | æ‰ä¸¦åŒºä¿å¥æ‰€ | 31æ‰ä¿è¡›ç’°ç¬¬4å·
34109350,1mins from Koenji stâ˜…6mins from Shinjuku stâ˜…2BR,257553347,Ken,æ‰ä¸¦åŒº,35.70463,139.64893,å»ºç‰©å…¨ä½“,25714,2,122,2024-06-07,1.94,2,146,27,Hotels and Inns Business Act | æ±äº¬éƒ½æ‰ä¸¦åŒºä¿å¥æ‰€ | 31æ‰ä¿è¡›ç’°ç¬¬344å·
34111392,1mins to Koenji stationâ˜…6mins from Shinjukuâ˜…2BRAPT,257553347,Ken,æ‰ä¸¦åŒº,35.70695,139.64826,å»ºç‰©å…¨ä½“,15429,2,101,2024-06-12,1.62,2,136,37,Hotels and Inns Business Act | æ±äº¬éƒ½æ‰ä¸¦åŒºæ‰ä¸¦ä¿å¥æ‰€ | 31æ‰ä¿ç’°è¡›ç¬¬345å·
34447273,å’Œä¸­å›½äººæƒ³äº¤æµçš„æ—¥æœ¬äººåœ¨è¿™é‡Œ,36879269,Hiro,æ‰ä¸¦åŒº,35.70888,139.64433,ä¸€èˆ¬ä½å®…å€‹å®¤,13214,7,7,2024-04-07,0.12,3,155,4,M130008733
34578146,Nishi-Ogikubo 2 Bedroom Type-C1 (SSH2BR-C1) 3F,18776800,è¿‘è—¤,æ‰ä¸¦åŒº,35.70514,139.59879,å»ºç‰©å…¨ä½“,25071,3,15,2024-06-07,0.25,20,171,7,M130016350
34979669,15 minutes from shinjuku station by Tokyo metro.,243795243,Etsuko & Shohei,æ‰ä¸¦åŒº,35.68458,139.65909,å»ºç‰©å…¨ä½“,13714,1,134,2024-05-27,2.18,1,141,35,Hotels and Inns Business Act | æ±äº¬éƒ½æ‰ä¸¦åŒºæ‰ä¸¦ä¿å¥æ‰€ | 31æ‰ä¿è¡›ç’°ç¬¬25å·
35742289,"201 wifi 18 min to Shinjuku, 2 min walk station",177445547,Enzo,æ‰ä¸¦åŒº,35.7253,139.61459,å»ºç‰©å…¨ä½“,6950,1,54,2024-05-26,0.90,37,339,14,Hotels and Inns Business Act | æ‰ä¸¦åŒºæ‰ä¸¦ä¿å¥æ‰€æ‰€é•·ã€€æœ¨æ‘åšå­ | 30æ‰ä¿è¡›ç’°ç¬¬348å·
35755060,"202  wifi 18 min to Shinjuku, 2 min walk station",177445547,Enzo,æ‰ä¸¦åŒº,35.72519,139.61452,å»ºç‰©å…¨ä½“,6950,1,92,2024-05-17,1.53,37,137,20,Hotels and Inns Business Act | æ‰ä¸¦åŒºæ‰ä¸¦ä¿å¥æ‰€æ‰€é•·ã€€æœ¨æ‘åšå­ | 30æ‰ä¿è¡›ç’°ç¬¬348å·
35755419,"203  wifi 18 min to Shinjuku, 2 min walk station",177445547,Enzo,æ‰ä¸¦åŒº,35.72491,139.61236,å»ºç‰©å…¨ä½“,6950,1,68,2024-05-31,1.13,37,304,10,Hotels and Inns Business Act | æ‰ä¸¦åŒºæ‰ä¸¦ä¿å¥æ‰€æ‰€é•·ã€€æœ¨æ‘åšå­ | 30æ‰ä¿è¡›ç’°ç¬¬348å·
35755672,A205 â˜…Enzo Tokyo A â˜…,177445547,Enzo,æ‰ä¸¦åŒº,35.72343,139.61466,å»ºç‰©å…¨ä½“,6950,1,121,2024-06-17,2.03,37,65,25,Hotels and Inns Business Act | æ‰ä¸¦åŒºæ‰ä¸¦ä¿å¥æ‰€æ‰€é•·ã€€æœ¨æ‘åšå­ | 30æ‰ä¿è¡›ç’°ç¬¬348å·
35755840,A206 â˜…Enzo Tokyo A â˜…,177445547,Enzo,æ‰ä¸¦åŒº,35.72346,139.61244,å»ºç‰©å…¨ä½“,6950,1,129,2024-06-19,2.15,37,283,35,Hotels and Inns Business Act | æ‰ä¸¦åŒºæ‰ä¸¦ä¿å¥æ‰€æ‰€é•·ã€€æœ¨æ‘åšå­ | 30æ‰ä¿è¡›ç’°ç¬¬348å·
35756013,A302 â˜…Enzo Tokyo A â˜…,177445547,Enzo,æ‰ä¸¦åŒº,35.72364,139.61401,å»ºç‰©å…¨ä½“,4325,1,94,2024-06-06,1.58,37,138,26,Hotels and Inns Business Act | æ‰ä¸¦åŒºæ‰ä¸¦ä¿å¥æ‰€æ‰€é•·ã€€æœ¨æ‘åšå­ | 30æ‰ä¿è¡›ç’°ç¬¬348å·
35756225,A403 â˜…Enzo Tokyo A â˜…,177445547,Enzo,æ‰ä¸¦åŒº,35.72562,139.61464,å»ºç‰©å…¨ä½“,4800,1,73,2024-06-23,1.32,37,155,34,Hotels and Inns Business Act | æ‰ä¸¦åŒºæ‰ä¸¦ä¿å¥æ‰€æ‰€é•·ã€€æœ¨æ‘åšå­ | 30æ‰ä¿è¡›ç’°ç¬¬348å·
36919164,[æœˆæ¥µãƒãƒ³ã‚¹ãƒªãƒ¼]é«˜å††å¯ºé§…å¾’æ­©4åˆ†ï½œï¼˜åè²¸åˆ‡ï½œé«˜é€ŸWi-Fiï½œæ–°å®¿2é§…6åˆ†,173784603,Naoto,æ‰ä¸¦åŒº,35.70569610595703,139.6470184326172,å»ºç‰©å…¨ä½“,26429,29,3,2024-05-06,0.53,2,341,3,M130014046
37063861,Nishi-Ogikubo 1 Bedroom Studio Type-C 6F,18776800,è¿‘è—¤,æ‰ä¸¦åŒº,35.70433,139.59883,å»ºç‰©å…¨ä½“,17714,3,17,2024-06-03,0.29,20,206,6,M130018589
37097791,"[Rurban-202] Near Shinjyuku, GHIBLI Mus!!",44129333,Yuichi,æ‰ä¸¦åŒº,35.70494,139.59808,å»ºç‰©å…¨ä½“,9000,3,60,2024-05-01,1.01,4,63,17,M130028836
37945531,â‘©Shin-koenji Guesthouseã€Female onlyï¼†Private roomã€‘,44129457,Sangwon,æ‰ä¸¦åŒº,35.69182,139.65287,ä¸€èˆ¬ä½å®…å€‹å®¤,,1,3,2020-01-31,0.05,8,0,0,M130003035
38417505,1mins to Koenji stationâ˜…6mins from Shinjukuâ˜…2BRAPT,292767295,Ken,æ‰ä¸¦åŒº,35.70593,139.64816,å»ºç‰©å…¨ä½“,16286,2,36,2024-03-02,0.62,1,136,5,Hotels and Inns Business Act | æ‰ä¸¦åŒºæ‰ä¸¦ä¿å¥æ‰€ | 31æ‰ä¿è¡›ç’°ç¬¬345å·
38940114,35/ä¸‹äº•è‰/é§…ã‹ã‚‰å¾’æ­©1åˆ†/æ–°å®¿18åˆ†/æ¸‹è°·25åˆ†/å•†åº—è¡—è¿‘ãä¾¿åˆ©/åºƒã€…è²¸åˆ‡14å/wifiå®Œå‚™/,183877565,UI Home Company,æ‰ä¸¦åŒº,35.72461,139.62201,å»ºç‰©å…¨ä½“,29440,2,39,2024-04-13,0.89,70,121,14,Hotels and Inns Business Act | æ±äº¬éƒ½æ‰ä¸¦åŒºä¿å¥æ‰€ | ç¬¬114å·
39257249,"205 A wondeful, stylish convenient sparkling clean",138109993,Sae,æ‰ä¸¦åŒº,35.6843147277832,139.62869262695312,å»ºç‰©å…¨ä½“,17695,180,18,2023-11-28,0.32,3,270,4,M130020750
39448607,(KB#32) Smooth Apartment Close Shinjuku/Koenji,17228309,ZenHOMES,æ‰ä¸¦åŒº,35.69689,139.65836,å»ºç‰©å…¨ä½“,12443,2,47,2024-06-12,0.84,13,37,27,M130020753
39561171,European comfort with Japanese style B&B Tokyo,303963002,Hiroyuki,æ‰ä¸¦åŒº,35.69176,139.59814,å»ºç‰©å…¨ä½“,20714,3,11,2024-05-28,0.43,1,114,7,M130007157
40768542,2F floor charter! Full renovation! Convenient spor,316616431,Yasuhiro,æ‰ä¸¦åŒº,35.70971,139.61391,ä¸€èˆ¬ä½å®…å€‹å®¤,41857,2,121,2024-05-30,2.20,1,333,27,Hotels and Inns Business Act | æ‰ä¸¦åŒºæ‰ä¸¦ä¿å¥æ‰€ | 31æ‰ä¿è¡›ç’°ç¬¬284å·
40957273,Great access to Shinjuku & Shibuya/Wi-Fi,316988833,Mune,æ‰ä¸¦åŒº,35.70685,139.64817,å»ºç‰©å…¨ä½“,10146,2,76,2024-06-21,1.39,1,86,22,M130022844
41012772,å¥³å­æ—… ğŸµ ãƒ‰ã‚¢toãƒ‰ã‚¢ã§å‰ç¥¥å¯º15åˆ†ã€æ–°å®¿ãƒ»æ¸‹è°·ã¸ã‚‚30åˆ†/é™ã‹ãªä¸€è»’å®¶ã®å€‹å®¤ã§ã‚†ã£ãã‚Šéã”ã™,158926363,é™½å­,æ‰ä¸¦åŒº,35.69320297241211,139.60650634765625,ä¸€èˆ¬ä½å®…å€‹å®¤,5000,3,18,2024-05-18,0.39,1,40,6,M130023316
41160430,ã€37ã¡ Duplex Suite/5pplã€‘5min from Nishi-Ogikubo sta,321813721,Kaoru,æ‰ä¸¦åŒº,35.70157,139.60173,å»ºç‰©å…¨ä½“,33571,1,16,2023-11-09,0.31,5,343,2,M130023383
41160521,ã€22ã¡Studio/max3pplã€‘5min from Nishi-Ogikubo station,321813721,Kaoru,æ‰ä¸¦åŒº,35.7015,139.60169,å»ºç‰©å…¨ä½“,17529,1,50,2024-05-28,0.95,5,323,18,Hotels and Inns Business Act | æ‰ä¸¦åŒºæ‰ä¸¦ä¿å¥æ‰€ | 31æ‰ä¿è¡›ç’°ç¬¬376å·
41299509,Cynthia House - Meditation,123150587,Cynthia,æ‰ä¸¦åŒº,35.68834,139.62495,ä¸€èˆ¬ä½å®…å€‹å®¤,,2,1,2022-08-27,0.04,3,0,0,M130000284
41482209,ã€25ã¡ Studio/3pplã€‘ 5 min from Nishi-Ogikubo station,321813721,Kaoru,æ‰ä¸¦åŒº,35.70157,139.60173,å»ºç‰©å…¨ä½“,25471,1,8,2024-06-24,0.15,5,331,2,M130023384
41565470,ã€40ã¡ Family Suite/8pplã€‘5min from Nishi-Ogikubo sta,321813721,Kaoru,æ‰ä¸¦åŒº,35.70242,139.60208,å»ºç‰©å…¨ä½“,29429,1,93,2024-06-22,1.77,5,354,41,Hotels and Inns Business Act | æ‰ä¸¦åŒºæ‰ä¸¦ä¿å¥æ‰€ | 31æ‰ä¿è¡›ç’°ç¬¬376å·
41566184,ã€40ã¡ Family Suite/5pplã€‘5min from Nishi-Ogikubo sta,321813721,Kaoru,æ‰ä¸¦åŒº,35.70062,139.60233,å»ºç‰©å…¨ä½“,33571,1,20,2024-01-03,0.38,5,359,4,M130023382
42029003,ã€MONTHLYã€‘Hatsudai station 7min! MAX 12ppl! 3LDK!,290270909,Plays,æ‰ä¸¦åŒº,35.68372,139.64571,å»ºç‰©å…¨ä½“,30571,20,4,2023-10-31,0.10,7,191,1,M130020317
42461786,çŒ«ã¨ç·‘ã¨å…±ç”Ÿã™ã‚‹ãƒ¢ãƒ€ãƒ³å’Œé¢¨ã®å®¶ï¼1éšå’Œå®¤ã¨ï½»ï¾ï¾™ï½°ï¾‘ã€Œ2åŒ¹ã®çŒ«ã‚‚å¾…ã£ã¦ã„ã¾ã™ã€,36119039,Mitsuko,æ‰ä¸¦åŒº,35.70386,139.65909,ä¸€èˆ¬ä½å®…å€‹å®¤,17086,3,50,2024-06-20,1.09,2,248,25,M130024406
42518805,çŒ«ã¨ç·‘ã¨å…±ç”Ÿã™ã‚‹ãƒ¢ãƒ€ãƒ³å’Œé¢¨ã®å®¶ï¼2éšæ´‹å®¤-ã€Œ2åŒ¹ã®çŒ«ã‚‚å¾…ã£ã¦ã„ã¾ã™ã€,36119039,Mitsuko,æ‰ä¸¦åŒº,35.7041,139.65764,ä¸€èˆ¬ä½å®…å€‹å®¤,17086,3,33,2024-06-14,1.69,2,278,14,M130024406
42921772,Zuzu & Gizmo Welcome family with pets.,341775888,Zuzu&Gizmo,æ‰ä¸¦åŒº,35.69652,139.65236,å»ºç‰©å…¨ä½“,33286,1,39,2024-06-09,0.79,1,129,5,Hotels and Inns Business Act | æ‰ä¸¦åŒºæ‰ä¸¦ä¿å¥æ‰€ | 4æ‰ä¿è¡›ç’°ç¬¬326å·
43199348,A house with a nice view (each room has a BR),343857895,å’Œå­,æ‰ä¸¦åŒº,35.67953,139.65459,ä¸€èˆ¬ä½å®…å€‹å®¤,40216,3,11,2024-04-04,0.70,1,124,7,M130025601
43559288,#Mus. Tokyo/Shin-Koenji 2 mins/Shinjuku 10 mins,347725844,æ˜Ÿ,æ‰ä¸¦åŒº,35.69845,139.64753,å»ºç‰©å…¨ä½“,,2,8,2021-09-29,0.17,1,0,0,M130025437
45413566,æ–¹å—ç”ºé§…å¾’æ­©2åˆ†ãƒ»ã‚¹ã‚¿ã‚¤ãƒªãƒƒã‚·ãƒ¥ãªï¼²ï¼£æ‰“ã¡æ”¾ã—ä½å®…ãƒ»3éšéƒ¨åˆ†2LDK(72.0ã¡ãƒ»775sqft),367267582,æ­å­,æ‰ä¸¦åŒº,35.68241,139.65612,ä¸€èˆ¬ä½å®…å€‹å®¤,21818,1,45,2024-06-06,4.19,1,160,45,M130032542
45868179,To Shinjuku 2 fastest stops/Luxury Japaneseaptfor7,158802471,Miyu,æ‰ä¸¦åŒº,35.70393,139.64931,å»ºç‰©å…¨ä½“,30971,3,64,2024-06-23,1.48,3,159,23,Hotels and Inns Business Act | æ‰ä¸¦åŒºæ‰ä¸¦ä¿å¥æ‰€ | 4æ‰ä¿è¡›ç’°ç¬¬499å·
46041652,"Chill Inn Honan-cho, Tokyo/whole house/ wifi",42244167,æµ©å²,æ‰ä¸¦åŒº,35.6752,139.65811,å»ºç‰©å…¨ä½“,22886,1,150,2024-06-17,3.42,78,315,34,Hotels and Inns Business Act | æ‰ä¸¦åŒºä¿å¥æ‰€ | 2æ‰ä¿è¡›ç’°ç¬¬249å·
47892708,"OG) 4BR,120sqm/2 toilets/6bed/Direct Shinjuku/1F",76478703,Nana &Sato,æ‰ä¸¦åŒº,35.7036,139.61363,å»ºç‰©å…¨ä½“,36714,3,84,2024-06-14,2.14,2,97,26,Hotels and Inns Business Act | æ±äº¬éƒ½æ‰ä¸¦åŒºæ‰ä¸¦ä¿å¥æ‰€ | 31æ‰ä¿è¡›ç’°ç¬¬31å·
48613821,æ¸‹è°·ãƒ»å‰ç¥¥å¯º ç›´é€šã€Œé«˜äº•æˆ¸ã€é§… å¾’æ­©ï¼•åˆ† ãƒ¯ãƒ³ãƒ•ãƒ­ã‚¢ãƒ›ãƒ†ãƒ« æ±äº¬ã®å±±å°å±‹ã€ŒHACOCOã€,392184197,èª ,æ‰ä¸¦åŒº,35.686292184572004,139.61568371534423,å»ºç‰©å…¨ä½“,22429,1,99,2024-06-24,4.60,1,134,65,Hotels and Inns Business Act | æ‰ä¸¦åŒºæ‰ä¸¦ä¿å¥æ‰€ | 3æ‰ä¿è¡›ç’°ç¬¬277å·
49115213,å¤æ°‘å®¶é¶´@101å®¤  Tokyoæ–°å®¿åœ°ä¸‹é‰„ä¸¸ã®å†…ç·š7åˆ†,214640453,Hanako,æ‰ä¸¦åŒº,35.69646,139.65859,å»ºç‰©å…¨ä½“,10253,2,22,2024-06-05,0.59,75,1,13,M130007463
49115935,åœ¨å®…å‹¤å‹™OKï¼å¤æ°‘å®¶é¶´ï¼ 201å®¤ Tokyo æ–°å®¿ä¸¸ãƒå†…ç·š7åˆ†,214640453,Hanako,æ‰ä¸¦åŒº,35.69604,139.65927,å»ºç‰©å…¨ä½“,9433,2,34,2024-06-07,0.96,75,0,14,M130007464
49116585,å¤æ°‘å®¶é¶´101å®¤  æ±äº¬æ–°å®¿åœ°ä¸‹é‰„ä¸¸ã®å†…ç·š7åˆ†,214640453,Hanako,æ‰ä¸¦åŒº,35.69593,139.65919,å»ºç‰©å…¨ä½“,10253,2,14,2024-06-13,0.69,75,127,8,M130007460
49118746,æ–°é«˜å††å¯º@å¹³å®‰ä¸–ä»£/è·é›¢æ–°å®¿ååˆ†é˜/é›¢è»Šç«™åªè¦å…©åˆ†é˜/è¿‘é«˜å††å¯ºå•†åº—è¡—,214640453,Hanako,æ‰ä¸¦åŒº,35.6966,139.64954,å»ºç‰©å…¨ä½“,12650,2,38,2024-06-16,1.00,75,72,13,M130007461
49119079,æ–°é«˜å††å¯º@å¹³å®‰ä¸–ä»£/è·é›¢æ–°å®¿ååˆ†é˜/é›¢è»Šç«™åªè¦å…©åˆ†é˜/è¿‘é«˜å††å¯ºå•†åº—è¡—,214640453,Hanako,æ‰ä¸¦åŒº,35.69642909710303,139.65174065419296,å»ºç‰©å…¨ä½“,10942,2,35,2024-06-10,0.92,75,0,23,M130026509
49296349,"â˜…[Rurban-203] Near Shinjyuku, GHIBLI Mus!",44129333,Yuichi,æ‰ä¸¦åŒº,35.70449,139.59711,å»ºç‰©å…¨ä½“,8975,3,41,2024-05-28,1.10,4,52,15,M130028837
49297104,Central Tokyo koenji-é«˜å††å¯ºã‚¨ãƒªã‚¢â˜† private flat,56653460,Taku,æ‰ä¸¦åŒº,35.6924,139.64789,å»ºç‰©å…¨ä½“,12500,2,8,2024-02-07,0.21,10,365,4,M130026259
49623898,å„ªå‹è˜2Fã¯ã€é•·å±‹ã¨ã—ã¦ä½¿ãˆã¾ã™ã€é™ã‹ãªä½å®…åœ°ã«ã‚ã‚Šã¾ã™ã€‚å ´æ‰€ã¯é«˜å††å¯ºé§…ã‹ã‚‰ï¼”åˆ†ã€‚,367379600,å„ªç¶­,æ‰ä¸¦åŒº,35.70453,139.65331,ä¸€èˆ¬ä½å®…å€‹å®¤,18000,2,2,2023-05-17,0.08,3,122,0,M130028792
49968713,å„ªå‹è˜1Fã¯ã€é•·å±‹ã¨ã—ã¦ä½¿ãˆã¾ã™ã€é™ã‹ãªä½å®…åœ°ã«ã‚ã‚Šã¾ã™ã€‚å ´æ‰€ã¯é«˜å††å¯ºé§…ã‹ã‚‰ï¼”åˆ†ã€‚,367379600,å„ªç¶­,æ‰ä¸¦åŒº,35.70312,139.6546,å»ºç‰©å…¨ä½“,18000,2,30,2024-06-22,1.94,3,122,22,M130029106
49969770,ï¼‘æ£ŸãŒç‹¬ç«‹ã—ãŸ1Fã¨2Fé€£ç¶šé•·å±‹ã§ã‚ã‚Š ä¸€ã¤ä¸€ã¤ã«å…¨ãç•°ãªã‚‹è¶£å‘ã‚’å‡ã‚‰ã— æˆ¸å»ºã¦ã¨ã—ã¦ã‚‚ä½¿ãˆã¾ã™ã€‚,367379600,å„ªç¶­,æ‰ä¸¦åŒº,35.70378112792969,139.65391540527344,ä¸€èˆ¬ä½å®…å€‹å®¤,,2,0,,,3,0,0,M130028792
52763338,CENTRAL TOKYO - KOENJI AREA - PRIVATE FLAT,56653460,Taku,æ‰ä¸¦åŒº,35.70005,139.64769,å»ºç‰©å…¨ä½“,7000,2,27,2024-06-14,1.03,10,70,20,M130026259
53448642,Trendy Areaãƒ»Good Accessãƒ»5m from Stationãƒ»Home Liftï¼,111173491,Jerry,æ‰ä¸¦åŒº,35.702175,139.647949,å»ºç‰©å…¨ä½“,77150,2,105,2024-06-19,3.41,4,201,50,Hotels and Inns Business Act | æ‰ä¸¦åŒºæ‰ä¸¦ä¿å¥æ‰€ | 4æ‰ä¿è¡›ç’°ç¬¬392å·
53466624,Relaxing room /404,432956453,Sumyca,æ‰ä¸¦åŒº,35.671823218574765,139.65502573398646,å»ºç‰©å…¨ä½“,8906,2,23,2023-12-09,0.78,15,227,6,M130030173
53714304,æ–°é«˜å††å¯º@å¹³å®‰ä¸–ä»£/è·é›¢æ–°å®¿ååˆ†é˜/é›¢è»Šç«™åªè¦å…©åˆ†é˜/è¿‘é«˜å††å¯ºå•†åº—è¡—221,214640453,Hanako,æ‰ä¸¦åŒº,35.69708,139.64955,å»ºç‰©å…¨ä½“,12650,2,24,2024-04-20,0.87,75,0,14,M130026509
559888044883833193,Holy Townã€Šæ³Šã¾ã‚Œã‚‹ã‚¢ã‚¹ãƒ¬ãƒãƒƒã‚¯ã€‹é«˜å††å¯º,84181866,Aki,æ‰ä¸¦åŒº,35.71017,139.64575,å»ºç‰©å…¨ä½“,67571,1,332,2024-06-26,12.58,3,22,132,Hotels and Inns Business Act | ä¸­é‡åŒºä¿å¥æ‰€ | 3ä¸­å¥è¡›ç’°ç¬¬317å·
577895937388401163,Built in 2020/Hammock/Records ï¼ƒ 301,432956453,Sumyca,æ‰ä¸¦åŒº,35.671786180458966,139.65476810026396,å»ºç‰©å…¨ä½“,8906,2,21,2023-12-30,0.83,15,231,13,M130030687
577898873794771984,near city center/rooms with home theater#501,432956453,Sumyca,æ‰ä¸¦åŒº,35.67158730461393,139.65282515165728,å»ºç‰©å…¨ä½“,8906,2,24,2024-03-22,0.92,15,234,14,M130030686
609695180061583624,Built in 2020/Hammock/Records ï¼ƒ 101,432956453,Sumyca,æ‰ä¸¦åŒº,35.67162203913035,139.6549620284136,å»ºç‰©å…¨ä½“,8906,2,15,2024-01-28,0.61,15,231,7,M130030903
609704839468581646,Cat Friendly House _Women /Family Only_Double Room,36172920,Hisako,æ‰ä¸¦åŒº,35.69677,139.6278,ä¸€èˆ¬ä½å®…å€‹å®¤,12286,3,51,2024-06-25,2.08,3,74,21,M130031189
617740789840371719,Built in 2020! Refreshing and bright room ï¼ƒ103,432956453,Sumyca,æ‰ä¸¦åŒº,35.671592154257375,139.65480893689113,å»ºç‰©å…¨ä½“,8906,2,14,2024-02-19,0.66,15,236,6,M130031653
641715257666904543,è¥¿è»çªªã‚¢ãƒ‘ãƒ¼ãƒˆãƒ¡ãƒ³ãƒˆâ™ªè²¸åˆ‡é™ã‹ãªç’°å¢ƒâ™ªäº•ã®é ­å…¬åœ’ã‚’æ­©ã„ã¦æ•£æ­©â™ªå‰ç¥¥å¯ºã¾ã§ï¼‘é§…â™ªæ¸‹è°·æ–°å®¿ã¯é›»è»Šã§ï¼‘ï¼•åˆ†,61936892,æµ©å¸,æ‰ä¸¦åŒº,35.69428,139.59726,å»ºç‰©å…¨ä½“,6214,2,53,2024-06-23,2.13,1,10,24,M130031059
656114896065091135,great downtown access! Room with monitor,432956453,Sumyca,æ‰ä¸¦åŒº,35.6718836516445,139.6533306724865,å»ºç‰©å…¨ä½“,8906,2,13,2024-01-27,0.72,15,223,6,M130031188
688332056196872386,æ–°é«˜å††å¯º@å¹³å®‰ä¸–ä»£/è·é›¢æ–°å®¿ååˆ†é˜/é›¢è»Šç«™åªè¦å…©åˆ†é˜/è¿‘é«˜å††å¯ºå•†åº—è¡—,214640453,Hanako,æ‰ä¸¦åŒº,35.69863,139.65165,å»ºç‰©å…¨ä½“,10942,2,19,2023-12-24,0.92,75,140,6,M130007461
689355200460505020,åœ¨å®…å‹¤å‹™OKï¼å¤æ°‘å®¶é¶´ï¼ 201å®¤ Tokyo æ–°å®¿ä¸¸ãƒå†…ç·š7åˆ†,214640453,Hanako,æ‰ä¸¦åŒº,35.69665,139.65888,å»ºç‰©å…¨ä½“,11278,2,18,2024-06-13,0.85,75,52,10,M130007460
714774718722436387,No transfer to Shibuya station/stayme Meidaimae,432956453,Sumyca,æ‰ä¸¦åŒº,35.671043,139.65393,å»ºç‰©å…¨ä½“,7570,2,17,2024-03-18,0.91,15,238,11,M130032300
736004220541894412,"Sleep in Art, Dive into Local/ 1min:Koenji Sta. 2F",483275198,BnA Home,æ‰ä¸¦åŒº,35.706156340986425,139.65062085539103,ä¸€èˆ¬ä½å®…å€‹å®¤,15543,2,53,2024-06-17,2.73,2,108,39,Hotels and Inns Business Act | æ‰ä¸¦åŒºæ‰ä¸¦ä¿å¥æ‰€ | 27æ‰ä¿è¡›ç’°ç¬¬673å·
740191440069413392,Built in 2020! Refreshing and bright room ï¼ƒ203,432956453,Sumyca,æ‰ä¸¦åŒº,35.67071756268578,139.6529903131068,å»ºç‰©å…¨ä½“,7570,2,18,2023-12-08,0.97,15,230,9,M130031810
756992147062370213,"Sleep in Art, Dive into Local/ 1min:Koenji Sta. 3F",483275198,BnA Home,æ‰ä¸¦åŒº,35.706145057394835,139.6505941,ä¸€èˆ¬ä½å®…å€‹å®¤,15543,2,34,2024-06-07,2.24,2,158,27,Hotels and Inns Business Act | æ‰ä¸¦åŒºæ‰ä¸¦ä¿å¥æ‰€ | 27æ‰ä¿è¡›ç’°ç¬¬673å·
757819857552410618,65/æ±äº¬è¦³å…‰ã«ä¾¿åˆ©/æœ€å¤§9å/æ–°å®¿10åˆ†ãƒ»æ¸‹è°·13åˆ†/3éšå»ºã®ä¸€è»’å®¶ã®è²¸åˆ‡/wifiå®Œå‚™,183877565,UI Home Company,æ‰ä¸¦åŒº,35.66953808397805,139.62854957611702,å»ºç‰©å…¨ä½“,32833,2,23,2024-05-26,1.47,70,141,17,Hotels and Inns Business Act | æ‰ä¸¦åŒºæ‰ä¸¦ä¿å¥æ‰€ | 4æ‰ä¿è¡›ç’°ç¬¬178å·
777721932613969872,Built in 2020! 5 min.    walk from the station,432956453,Sumyca,æ‰ä¸¦åŒº,35.67185367283927,139.6550859606998,å»ºç‰©å…¨ä½“,7570,2,12,2024-02-09,0.68,15,238,6,M130032334
799708254685917184,Relax Japanese Room for couples,234912666,Noriaki,æ‰ä¸¦åŒº,35.70302829170473,139.65314051589965,å»ºç‰©å…¨ä½“,,1,1,2024-06-02,1,3,0,1,M130011648
813981045599145437,OG2)3BR/ 120sqm/8bed/Max10/Direct Shinjuku/2F,76478703,Nana &Sato,æ‰ä¸¦åŒº,35.7035986,139.6136344,å»ºç‰©å…¨ä½“,32143,3,42,2024-06-02,2.53,2,118,26,Hotels and Inns Business Act | æ‰ä¸¦åŒºæ‰ä¸¦ä¿å¥æ‰€ | 4æ‰ä¿è¡›ç’°ç¬¬243å·
817758960686171614,No transfers to Shibuya and Shinjuku Sta!   204,432956453,Sumyca,æ‰ä¸¦åŒº,35.67152607490893,139.65303820815097,å»ºç‰©å…¨ä½“,7570,2,11,2024-03-28,0.70,15,238,8,M130032910
820833053711884539,10min to Shinjuku/7 people/Free WiFi/Japan style,230910892,Risa & Kei,æ‰ä¸¦åŒº,35.703873592433034,139.6120066823982,å»ºç‰©å…¨ä½“,10429,3,13,2023-11-03,0.84,43,58,10,M130034372
825638092682046624,No transfers to Shibuya and Shinjuku Sta!   302,432956453,Sumyca,æ‰ä¸¦åŒº,35.67142191512531,139.65478602999218,å»ºç‰©å…¨ä½“,7570,2,15,2024-03-28,1.26,15,238,15,M130033800
825640790025276998,No transfers to Shinjuku/Shibuya/303,432956453,Sumyca,æ‰ä¸¦åŒº,35.67188149610204,139.65350146491076,å»ºç‰©å…¨ä½“,7570,2,13,2024-01-20,0.81,15,176,9,M130032911
836438837729778288,è¥¿è»çªªï¼‘BRã€€Typeâ€•Eï¼ˆSSHï¼‘BRâ€•Eï¼‰ï¼’F,18776800,è¿‘è—¤,æ‰ä¸¦åŒº,35.7039844,139.5977637,å»ºç‰©å…¨ä½“,22214,3,8,2024-05-31,0.54,20,85,6,M130032912
847336083090234598,"R302 Near Shinjyuku, Ghibli mus",44129333,Yuichi,æ‰ä¸¦åŒº,35.70471,139.59927,å»ºç‰©å…¨ä½“,8907,3,25,2024-04-23,1.64,4,75,15,M130033111
847683786784272384,Jacuzzi/FloorHeating/Parking/Netflix/13MinShinjuku,59551877,Harvey & Lei,æ‰ä¸¦åŒº,35.668859236122316,139.62947189396493,å»ºç‰©å…¨ä½“,78571,3,75,2024-06-24,4.87,8,199,57,Hotels and Inns Business Act | æ‰ä¸¦åŒºæ‰ä¸¦ä¿å¥æ‰€ | 4æ‰ä¿è¡›ç’°ç¬¬406å·
858349174974426591,7 minutes by train to Shinjuku!,476371170,Junko,æ‰ä¸¦åŒº,35.6981259,139.658382,å»ºç‰©å…¨ä½“,45557,1,37,2024-05-27,2.57,38,161,32,Hotels and Inns Business Act | æ‰ä¸¦åŒºæ‰ä¸¦ä¿å¥æ‰€ | 4æ‰ä¿è¡›ç’°ç¬¬400å·
866821404633308051,"White and clean, Shinjuku5 min-Koenji-Shimktazwa!",44812749,Japanstay.Tokyo,æ‰ä¸¦åŒº,35.6730441336822,139.6587041121401,å»ºç‰©å…¨ä½“,13416,1,31,2024-05-12,2.11,11,237,25,Hotels and Inns Business Act | æ‰ä¸¦åŒºæ‰ä¸¦ä¿å¥æ‰€ | 30æ‰ä¿è¡›ç’°ç¬¬331å·
875614985104984830,Nearby JR Asagaya Station*Japanese-style room/3ppl,42244167,æµ©å²,æ‰ä¸¦åŒº,35.70661,139.63804,å»ºç‰©å…¨ä½“,7554,1,59,2024-06-23,4.80,78,354,58,Hotels and Inns Business Act | æ‰ä¸¦åŒºæ‰ä¸¦ä¿å¥æ‰€ | 31æ‰ä¿è¡›ç’°ç¬¬381å·
876389523843173386,Cozy Retreat æ–°å®¿é§…6åˆ†/æ¸‹è°·é§…15åˆ†/é«˜å††å¯ºé§…ã¾ã§å¾’æ­©5åˆ†,76857645,Hide And Aya,æ‰ä¸¦åŒº,35.707496,139.647107,å»ºç‰©å…¨ä½“,15171,2,37,2024-06-29,2.60,4,202,28,M130033617
878583955690121116,77/æ–¹å—ç”º/4å/é§…ã‹ã‚‰å¾’æ­©3åˆ†/æ±äº¬è¦³å…‰ã«æœ€é©/æ–°å®¿ã¸ç›´é€š10åˆ†/æ¸‹è°·20åˆ†/Wi-Fiå®Œå‚™,183877565,UI Home Company,æ‰ä¸¦åŒº,35.67752557542509,139.66258852308658,å»ºç‰©å…¨ä½“,16071,2,13,2024-05-28,1.00,70,163,11,Hotels and Inns Business Act | æ‰ä¸¦åŒºæ‰ä¸¦ä¿å¥æ‰€ | 2æ‰ä¿è¡›ç’°ç¬¬348å·
882069493128853126,8min  shinjuku/5min asagaya /un wifi/4 ppl/netflix,230910892,Risa & Kei,æ‰ä¸¦åŒº,35.7078065820844,139.63513817041013,å»ºç‰©å…¨ä½“,9700,3,16,2023-09-25,1.15,43,59,11,M130032606
888775953030214808,Beautiful 2nd floor Apt Shinjuku 5mins ride!,44812749,Japanstay.Tokyo,æ‰ä¸¦åŒº,35.67278608921226,139.65974266441802,å»ºç‰©å…¨ä½“,8914,2,21,2024-06-10,1.76,11,295,21,Hotels and Inns Business Act | æ‰ä¸¦åŒºæ‰ä¸¦ä¿å¥æ‰€ | 30æ‰ä¿è¡›ç’°ç¬¬331å·
889354072971584876,No transfers to Shibuya and Shinjuku Sta!102,432956453,Sumyca,æ‰ä¸¦åŒº,35.67196,139.65339,å»ºç‰©å…¨ä½“,7570,2,30,2024-03-29,2.70,15,190,30,M130033798
890104755163370262,78/æ–¹å—ç”º/6å/æ±äº¬è¦³å…‰ã«æœ€é©/æ–¹å—ç”ºé§…ã‹ã‚‰å¾’æ­©3åˆ†/æ–°å®¿10åˆ†/æ¸‹è°·20åˆ†/Wi-Fiå®Œå‚™,183877565,UI Home Company,æ‰ä¸¦åŒº,35.677218584151575,139.6626700645569,å»ºç‰©å…¨ä½“,34200,2,23,2024-05-16,1.75,70,177,19,Hotels and Inns Business Act | æ‰ä¸¦åŒºæ‰ä¸¦ä¿å¥æ‰€ | 2æ‰ä¿è¡›ç’°ç¬¬348å·
908376820386212786,ç¬¹å¡šãƒãƒ³ã‚¹ãƒªãƒ¼ã€€é•·æœŸæ»åœ¨å°‚ç”¨ï¼é•·æœŸæ»åœ¨OKã€€ï¼’ï¼æ—¥æ»åœ¨ã®æ–¹ã”ç›¸è«‡ãã ã•ã„,476371170,Junko,æ‰ä¸¦åŒº,35.67304119508808,139.66172180101927,å»ºç‰©å…¨ä½“,11571,20,1,2024-04-06,0.35,38,28,1,M130033381
917659538074655301,ã¾ã‚‹ã¾ã‚‹å¤æ°‘å®¶ä¸€è»’ï¼10äººå®¿æ³Šå¯èƒ½ã€‚å’Œå¼å¯å®¤3ã¤ã€‚è¥¿è»çªªé§…ã‚ˆã‚Šå¾’æ­©ï¼‘ï¼åˆ†ã€‚æ–°å®¿ã¾ã§é›»è»Šã§è‡³è¿‘ã€‚,199825323,Miduki,æ‰ä¸¦åŒº,35.69801231749991,139.6061026226622,å»ºç‰©å…¨ä½“,24000,1,0,,,7,181,0,M130002789
919078737381366563,Cat friendly house_women/family only_Single Room,36172920,Hisako,æ‰ä¸¦åŒº,35.69711,139.62801,ä¸€èˆ¬ä½å®…å€‹å®¤,8071,3,19,2024-06-18,1.61,3,40,19,M130031189
938123788642853000,æ–°å®¿é§…é›»è»Šã§9åˆ† å‰ç¥¥å¯ºé§…4åˆ†/ç„¡æ–™WiFi /è‡ªè»¢è»Šç„¡æ–™ãƒ¬ãƒ³ã‚¿ãƒ«/é›»å‹•ã‚­ãƒƒã‚¯ãƒœãƒ¼ãƒ‰è¨­ç½®,526429351,Akemi And Yuta,æ‰ä¸¦åŒº,35.712416957489594,139.61157761256638,å»ºç‰©å…¨ä½“,19571,1,27,2024-06-23,2.37,3,117,27,M130034856
939463739072561067,â‘¤4 Gsts/5m to Shinjuku/Loft/Netflix/Wi-Fi,230910892,Risa & Kei,æ‰ä¸¦åŒº,35.708,139.63605,å»ºç‰©å…¨ä½“,7300,3,0,,,43,26,0,M130032606
942350755534160548,"Shinjuku area,50ã¡, 5 beds+2Futon, FreeWiFi,max7",488320629,Sachiko,æ‰ä¸¦åŒº,35.70484201396427,139.63261045658487,å»ºç‰©å…¨ä½“,34000,4,18,2024-06-26,3.00,6,266,18,M130037555
945881603839514558,Cat Friendly House - Women/Family Only,36172920,Hisako,æ‰ä¸¦åŒº,35.697125729782506,139.62959860541213,ä¸€èˆ¬ä½å®…å€‹å®¤,16571,3,0,,,3,81,0,M130031189
950263347357498410,æ–°å®¿é§…é›»è»Šã§9åˆ† å‰ç¥¥å¯ºé§…4åˆ†/ç„¡æ–™WiFi /è‡ªè»¢è»Šç„¡æ–™ãƒ¬ãƒ³ã‚¿ãƒ«/é›»å‹•ã‚­ãƒƒã‚¯ãƒœãƒ¼ãƒ‰è¨­ç½®,526429351,Akemi And Yuta,æ‰ä¸¦åŒº,35.71160732056546,139.61356542716152,å»ºç‰©å…¨ä½“,19571,1,36,2024-05-19,3.71,3,157,36,M130035173
953761113872087190,Studio for max4P/Flat(1F)æ–°å®¿for13mins/station4min,164764319,Yin,æ‰ä¸¦åŒº,35.6702030413429,139.62476905435324,å»ºç‰©å…¨ä½“,11000,2,18,2024-06-26,1.84,2,141,18,Hotels and Inns Business Act | æ‰ä¸¦åŒºæ‰ä¸¦ä¿å¥æ‰€ | 5æ‰ä¿è¡›ç’°ç¬¬90å·
954011289367546530,å‰ç¥¥å¯ºå¾’æ­©åœå†…ï¼ä¸‰é·¹å°é§…ã‹ã‚‰5åˆ†ï¼è¥¿è»çªªé§…ã‹ã‚‰15åˆ†ï¼å¥½ç«‹åœ°ï¼,530793630,Yas Meg,æ‰ä¸¦åŒº,35.69391082279281,139.59068877575515,ä¸€èˆ¬ä½å®…å€‹å®¤,6496,1,31,2024-06-18,3.39,1,116,31,M130034995
954958445780637777,æ–°é«˜å††å¯ºå¾’æ­¥4åˆ†é’Ÿ/å…¨æ–°è£…ä¿®mujié£æ ¼/é«˜é€Ÿwifi/ç½‘ç»œç”µè§†,489800214,Kazune,æ‰ä¸¦åŒº,35.69709258134556,139.6460185199976,å»ºç‰©å…¨ä½“,8571,2,21,2024-06-02,2.05,7,90,21,M130034440
957347229943936308,free wifiæ–°å®¿é§…ã¾ã§é›»è»Š6åˆ†ã€é«˜å††å¯ºé§…ã‹ã‚‰å¾’æ­©7åˆ†,531670120,å‹äº¦,æ‰ä¸¦åŒº,35.708775732826744,139.65523693784147,å»ºç‰©å…¨ä½“,11429,1,9,2024-05-20,1.06,4,114,9,M130004348
958558137782423003,3Bedroom/130ã¡/close to Shibuya Shinjuku 2F,531981082,Masaru,æ‰ä¸¦åŒº,35.67384,139.64453,å»ºç‰©å…¨ä½“,100000,2,33,2024-06-20,3.19,2,266,33,M130035197
958598689900460969,3Bedroom/130ã¡/close to Shibuya Shinjuku 3F,531981082,Masaru,æ‰ä¸¦åŒº,35.67401,139.6467,å»ºç‰©å…¨ä½“,97143,2,29,2024-06-26,2.81,2,265,29,M130035196
963361017242411297,Cozy retreat2 æ–°å®¿é§…6åˆ†/æ¸‹è°·é§…15åˆ†/é«˜å††å¯ºé§…ã¾ã§å¾’æ­©5åˆ† ã‚¯ã‚¤ãƒ¼ãƒ³ãƒ™ãƒƒãƒ‰1å°,76857645,Hide And Aya,æ‰ä¸¦åŒº,35.707898759798944,139.64827500346445,å»ºç‰©å…¨ä½“,14914,2,21,2024-05-30,2.57,4,227,21,M130035565
969137287847050808,8 min to Shinjuku sta/Asagaya/Wi-Fi/Netflix/4 ppl,256096168,Sayaka & Ken,æ‰ä¸¦åŒº,35.70850330603436,139.6362737607273,å»ºç‰©å…¨ä½“,7986,3,0,,,3,58,0,M130032606
969389371228142013,Trendy Cultural Center Koenjiãƒ»4m walk from station,111173491,Jerry,æ‰ä¸¦åŒº,35.70788888225021,139.65024708031498,å»ºç‰©å…¨ä½“,63714,3,40,2024-06-27,4.10,4,251,40,M130035585
979540644925223937,Turtle house,465683966,Shu,æ‰ä¸¦åŒº,35.68437976919637,139.6351502329252,ä¸€èˆ¬ä½å®…å€‹å®¤,6000,1,16,2024-06-16,1.96,1,232,16,M130036091
981030846159671757,8 min Shinjuku/5 min Asagaya/wifi/4 people/Netflix,230910892,Risa & Kei,æ‰ä¸¦åŒº,35.70776146990898,139.63465449755356,å»ºç‰©å…¨ä½“,8000,3,21,2024-06-01,2.32,43,61,21,M130035828
982951659880835990,02ä¸­å¤®ç·šè»çªªé§…6äººå®¿æ³Šå¯èƒ½ãƒ»pockeWi-Fiãƒ»ã‚¸ãƒ–ãƒªç¾è¡“é¤¨è‡³è¿‘keep luggage ok,244662388,åšé›…,æ‰ä¸¦åŒº,35.70905,139.61159,å»ºç‰©å…¨ä½“,12571,1,27,2024-06-03,3.08,21,167,27,M130033342
983948131624892820,(ï¼«12)Koenji loft apartment/Shinjuku&Kichijoji/JR,311979642,Selina,æ‰ä¸¦åŒº,35.70331687035362,139.64556706926726,å»ºç‰©å…¨ä½“,11429,2,19,2024-06-21,2.34,42,340,19,M130037505
983950683491337890,(ï¼«22)Koenji loft apartment/Shinjuku&Kichijoji/JR,311979642,Selina,æ‰ä¸¦åŒº,35.70316,139.64767,å»ºç‰©å…¨ä½“,12286,2,28,2024-06-24,3.50,42,314,28,M130037505
984637317136641344,8min  shinjuku/5min asagaya /un wifi/4 ppl/netflix,230910892,Risa & Kei,æ‰ä¸¦åŒº,35.70912716745995,139.63720792081742,å»ºç‰©å…¨ä½“,8529,3,15,2024-05-26,1.79,43,60,15,M130035832
985394432349135936,å—é˜¿ä½ãƒ¶è°·é§…1åˆ†ï¼æ–°å®¿15åˆ†ï¼1LDK(29m2)ã“ã ã‚ã‚Šã®ä¸Šè³ªãªå®¶ï¼å®¶æ—é€£ã‚Œã‚„é•·æœŸæ»åœ¨ã«æœ€é©,538217653,Akiyo,æ‰ä¸¦åŒº,35.69846,139.63567,å»ºç‰©å…¨ä½“,25086,3,14,2024-06-05,2.21,1,143,14,M130036695
989800406210073373,Sterilized/15min to Shinjuku/WiFi/JP Room/7 people,230910892,Risa & Kei,æ‰ä¸¦åŒº,35.70577019148071,139.61239574327004,å»ºç‰©å…¨ä½“,9029,2,18,2024-06-15,2.32,43,53,18,M130034371
990079210828770090,è¥¿è»çªªï¼‘BR Studioã€€Typeâ€•Fï¼ˆSSHï¼‘BRSâ€•Eï¼‰3F,18776800,è¿‘è—¤,æ‰ä¸¦åŒº,35.70468,139.59842,å»ºç‰©å…¨ä½“,18714,3,1,2023-12-26,0.16,20,238,1,M130035143
991588730419597242,Ogikubo/15min to Shinjuku/WiFi/7 people,230910892,Risa & Kei,æ‰ä¸¦åŒº,35.70373,139.61385,å»ºç‰©å…¨ä½“,12857,3,16,2024-06-15,1.95,43,50,16,M130034373
994689493774476375,9 mins to Shinjuku/6 pax/Hi speed WIFI/Netflix,230910892,Risa & Kei,æ‰ä¸¦åŒº,35.70352068419168,139.62190099053754,å»ºç‰©å…¨ä½“,15857,3,13,2024-06-18,1.66,43,40,13,M130033150
995231747179732254,è¥¿è»çªªé§…å¾’æ­©4åˆ†ï½œæœ€å¤§6åæ§˜ï½œ 1LDK ï½œWiFiä»˜ãï½œ COCORO 402,540428137,Cocoro,æ‰ä¸¦åŒº,35.70514789691114,139.59829020536583,å»ºç‰©å…¨ä½“,17600,1,33,2024-06-23,4.42,1,75,33,Hotels and Inns Business Act | æ‰ä¸¦åŒºæ‰ä¸¦ä¿å¥æ‰€ | 5æ‰ä¿è¡›ç’°ç¬¬41å·
1008998394374543255,Shinjuku10min/Max4ppl2Bï¼†1EB/Mt.Fuji view/Long stay,527014222,Yumi,æ‰ä¸¦åŒº,35.6886825,139.6616707,ä¸€èˆ¬ä½å®…å€‹å®¤,21571,1,15,2024-06-15,2.78,1,71,15,Hotels and Inns Business Act | æ‰ä¸¦åŒºæ‰ä¸¦ä¿å¥æ‰€ | 5æ‰ä¿è¡›ç’°ç¬¬289å·
1010399066965442415,10åˆ†é’Ÿç›´è¾¾æ–°å®¿/15åˆ†é’Ÿåˆ°æ¶©è°·/è¿‘è½¦ç«™æ­¥è¡Œä»…7åˆ†é’Ÿ/å…è´¹é«˜é€Ÿwifi/çŸ­æœŸ/é•¿æœŸå…¥ä½æ–¹ä¾¿ 206,44066901,Yuqian,æ‰ä¸¦åŒº,35.669705,139.63172,å»ºç‰©å…¨ä½“,6286,2,12,2024-05-28,1.48,16,189,12,Hotels and Inns Business Act | æ‰ä¸¦åŒºæ‰ä¸¦ä¿å¥æ‰€ | 5æ‰ä¿è¡›ç’°ç¬¬152å·
1010424905614914742,10åˆ†é’Ÿç›´è¾¾æ–°å®¿/15åˆ†é’Ÿåˆ°æ¶©è°·/è¿‘è½¦ç«™æ­¥è¡Œä»…7åˆ†é’Ÿ/å…è´¹é«˜é€Ÿwifi/å°½äº«æ—¥å¼é£æƒ…ç‰¹è‰²æˆ¿é—´,44066901,Yuqian,æ‰ä¸¦åŒº,35.6698598,139.6318899,å»ºç‰©å…¨ä½“,22143,2,19,2024-06-10,2.37,16,173,19,Hotels and Inns Business Act | æ‰ä¸¦åŒºæ‰ä¸¦ä¿å¥æ‰€ | 5æ‰ä¿è¡›ç’°ç¬¬154å·
1014684130321999440,Free Wi-Fi 4 min. walk from Higashi-Koenji Station,543430836,èˆ,æ‰ä¸¦åŒº,35.69961,139.6589,å»ºç‰©å…¨ä½“,17000,1,22,2024-06-18,2.80,2,136,22,M130036572
1015111230590236507,(ï¼«12F)Koenji loft apartment/Shinjuku&Kichijoji/JR,311979642,Selina,æ‰ä¸¦åŒº,35.70365,139.64554,å»ºç‰©å…¨ä½“,11429,2,4,2024-02-19,0.54,42,340,4,M130037505
1016339455437838681,N4æ—¥æœ¬å¼ã®å¤æ°‘å®¶ã€å’Œå®¤4.5ç•³ã€‚è¥¿è»çªªé§…ã‹ã‚‰10åˆ†ã€‚,199825323,Miduki,æ‰ä¸¦åŒº,35.69898,139.60439,ä¸€èˆ¬ä½å®…å€‹å®¤,4314,3,10,2024-05-19,1.54,7,24,10,M130037273
1025808913047068531,Private Guest House IIDE *3 min from Sta. (3F),231403014,Iide,æ‰ä¸¦åŒº,35.7072823323963,139.64912579751388,å»ºç‰©å…¨ä½“,14000,3,5,2024-05-29,0.91,2,132,5,Hotels and Inns Business Act | æ‰ä¸¦åŒºæ‰ä¸¦ä¿å¥æ‰€ | 28æ‰ä¿è¡›ç’°ç¬¬528å·
1034608873418362108,1 minute to Takaido! Direct to Shibuya / Kichijoji,182723327,Takada,æ‰ä¸¦åŒº,35.6831,139.61389,å»ºç‰©å…¨ä½“,9910,30,2,2024-03-16,0.40,5,341,2,M130031743
1040893086503145733,"2min from station,  10min to Shinjuku, 4bedrooms",142900912,Katsuyoshi,æ‰ä¸¦åŒº,35.69892174461003,139.65788009310825,å»ºç‰©å…¨ä½“,30400,1,18,2024-06-23,3.65,3,47,18,M130038084
1042246492873685388,æ¡œä¸Šæ°´Aæˆ¿ã€æˆ¿é—´çš„é¢ç§¯15å¹³æ–¹ç±³å·¦å³åŒ…æ‹¬å«ç”Ÿé—´åœ¨å†…ã€‚,331252115,Li,æ‰ä¸¦åŒº,35.66958235799991,139.6322937020326,ä¸€èˆ¬ä½å®…å€‹å®¤,10971,1,28,2024-06-27,5.19,2,175,28,M130018287
1043866127359593973,10mins to Shinjuku by train,550449792,Hiroto Nicolas,æ‰ä¸¦åŒº,35.71197656654874,139.64047842522828,ä¸€èˆ¬ä½å®…å€‹å®¤,4857,1,12,2024-06-02,1.84,1,57,12,M130036090
1044455329926336527,"1 minute to Takaido!Direct to Shibuya ,Kichijoji",182723327,Takada,æ‰ä¸¦åŒº,35.68189,139.61594,å»ºç‰©å…¨ä½“,10540,30,1,2024-02-29,0.25,5,237,1,M130031744
1044569321763295334,10åˆ†é’Ÿç›´è¾¾æ–°å®¿/15åˆ†é’Ÿåˆ°æ¶©è°·/è¿‘è½¦ç«™æ­¥è¡Œä»…7åˆ†é’Ÿ/å…è´¹é«˜é€Ÿwifi/çŸ­æœŸ/é•¿æœŸå…¥ä½æ–¹ä¾¿ 207,44066901,Yuqian,æ‰ä¸¦åŒº,35.66945394461031,139.6329715023883,å»ºç‰©å…¨ä½“,8000,2,10,2024-05-21,1.62,16,181,10,Hotels and Inns Business Act | æ‰ä¸¦åŒºæ‰ä¸¦ä¿å¥æ‰€ | 5æ‰ä¿è¡›ç’°ç¬¬153å·
1044640882439785715,"1 minute to Takaido! Direct to Shibuya ,Kichijoji",182723327,Takada,æ‰ä¸¦åŒº,35.681329218599885,139.61591119194088,å»ºç‰©å…¨ä½“,10540,30,2,2024-04-16,0.57,5,241,2,M130031745
1050296562615351115,Nozomio Premier Meidaimae 302,432956453,Sumyca,æ‰ä¸¦åŒº,35.67057,139.65276,å»ºç‰©å…¨ä½“,7680,30,0,,,15,332,0,M130033800
1050604669365993298,(ï¼«22F) Koenji loft apartment/Shinjuku&Kichijoji/JR,311979642,Selina,æ‰ä¸¦åŒº,35.702161990140084,139.6454899003406,å»ºç‰©å…¨ä½“,12286,2,0,,,42,314,0,M130037505
1053258009176294501,æ–°å®¿é§…ã¾ã§é›»è»Šã§6åˆ†ï¼æ—¥æœ¬äººã«å¤§äººæ°—ï¼æœ€å¤§åå®¹äººæ•°20åï¼å…¨ã¦å°‚ç”¨ï¼,476371170,Junko,æ‰ä¸¦åŒº,35.69732,139.65796,å»ºç‰©å…¨ä½“,55700,1,14,2024-06-23,3.18,38,120,14,Hotels and Inns Business Act | æ‰ä¸¦åŒºæ‰ä¸¦ä¿å¥æ‰€ | 5æ‰ä¿è¡›ç’°ç¬¬432å·
1056444187202931881,Old Japanese house. private room in a share house.,199825323,Miduki,æ‰ä¸¦åŒº,35.699535128610655,139.60616944671986,ä¸€èˆ¬ä½å®…å€‹å®¤,3071,3,4,2024-06-09,0.83,7,9,4,M130037273
1056958066910507112,JRé˜¿ä½ãƒ¶è°·é§…è¥¿å£å¾’æ­©3åˆ†ã€‘Â æ–°å®¿é§…é›»è»Š8åˆ†/ãƒ—ãƒ©ã‚¤ãƒ™ãƒ¼ãƒˆåˆ©ç”¨ã€€é˜¿ä½ãƒ¶è°·ã®å®¶-Bå®¤,433492202,Fuji Tabi,æ‰ä¸¦åŒº,35.70439327380406,139.63238705805884,ä¸€èˆ¬ä½å®…å€‹å®¤,8000,1,10,2024-06-09,1.95,1,196,10,
1062282697837690892,No smoking Shinjuku 16 mins by train 2 Beds Studio,366084083,Maiko,æ‰ä¸¦åŒº,35.672,139.62266,å»ºç‰©å…¨ä½“,12971,2,4,2024-06-06,1.90,4,24,4,M130038808
1062282704408739013,"ã€Long Stayã€‘Shinjuku, Shibuya 16 mins by train",366084083,Maiko,æ‰ä¸¦åŒº,35.67385765903416,139.6213671454134,å»ºç‰©å…¨ä½“,14834,30,0,,,4,104,0,M130038808
1069117378453880289,Tsukimura Building,182723327,Takada,æ‰ä¸¦åŒº,35.68321557549506,139.61609005649083,å»ºç‰©å…¨ä½“,9540,30,1,2024-04-06,0.35,5,245,1,M130007874
1069207315221139198,Built in 2023/3min from sta/ Near Shinjuku/502,555387707,ç”°æ©‹,æ‰ä¸¦åŒº,35.671877483134416,139.65870894000955,å»ºç‰©å…¨ä½“,7650,1,5,2024-03-28,0.99,13,340,5,M130038028
1069879334349302657,Hygenic fresh interor near Shinjk! Koenj Shimokita,9203725,Tokyo,æ‰ä¸¦åŒº,35.67363994815454,139.65906621424972,å»ºç‰©å…¨ä½“,9086,2,2,2024-06-15,1.36,9,237,2,Hotels and Inns Business Act | æ‰ä¸¦åŒºæ‰ä¸¦ä¿å¥æ‰€ | 30æ‰ä¿è¡›ç’°ç¬¬331å·
1069906267974259996,Excellent apartment near Shinjuku! E102,9203725,Tokyo,æ‰ä¸¦åŒº,35.67388,139.65875,å»ºç‰©å…¨ä½“,12000,2,0,,,9,61,0,Hotels and Inns Business Act | æ‰ä¸¦åŒºæ‰ä¸¦ä¿å¥æ‰€ | 30æ‰ä¿è¡›ç’°ç¬¬331å·
1069919970443313559,Fabulous 2nd floor Apt w Loft near Shinjuku F203,9203725,Tokyo,æ‰ä¸¦åŒº,35.67394548172026,139.6605755748334,å»ºç‰©å…¨ä½“,13629,2,2,2024-06-25,0.60,9,232,2,Hotels and Inns Business Act | æ‰ä¸¦åŒºæ‰ä¸¦ä¿å¥æ‰€ | 30æ‰ä¿è¡›ç’°ç¬¬331å·
1070990791823204616,æ±äº¬æ–°å®¿ä¸¸ãƒå†…ç·šã€Œæ±é«˜å††å¯ºã€ã®å¤æ°‘å®¶é¶´,214640453,Hanako,æ‰ä¸¦åŒº,35.69629,139.66024,å»ºç‰©å…¨ä½“,11278,2,0,,,75,14,0,M130007463
1073768441093422220,Renovated private room w/ bathroom in 2-story home,47766205,Shinya,æ‰ä¸¦åŒº,35.7123571655082,139.63037319481373,ä¸€èˆ¬ä½å®…å€‹å®¤,7000,3,6,2024-06-17,1.44,1,185,6,M130037908
1076313293667346026,N6æ—¥æœ¬å¼ã®éƒ¨å±‹ã€‚æ—¥æœ¬ã®å¤ã„ãŠå®¶ã€‚ã‚·ã‚§ã‚¢ãƒã‚¦ã‚¹ã®ï¼‘å®¤ã®6ç•³å€‹å®¤,199825323,Miduki,æ‰ä¸¦åŒº,35.697788212398144,139.60605889864732,ä¸€èˆ¬ä½å®…å€‹å®¤,3743,3,5,2024-06-08,1.01,7,32,5,
1081817543895624123,(ï¼«16)Koenji loft apartment/Shinjuku&Kichijoji/JR,311979642,Selina,æ‰ä¸¦åŒº,35.7036709950237,139.64597353144927,å»ºç‰©å…¨ä½“,8286,2,3,2024-04-11,0.88,42,355,3,M130037505
1081840024727413053,(ï¼«16F)Koenji Floft apartment/Shinjuku&Kichijoji/JR,311979642,Selina,æ‰ä¸¦åŒº,35.70333410555866,139.64721855810697,å»ºç‰©å…¨ä½“,9429,2,8,2024-06-29,2.55,42,355,8,M130037505
1084563826116553872,æ–°å®¿é§…ã¾ã§14åˆ†/æ±äº¬é§…ã¾ã§30åˆ†/æ–¹å—ç”ºå¾’æ­©ï¼˜åˆ†/æœ€å¤§ï¼’äºº/æ´—æ¿¯æ©Ÿ/ã‚­ãƒƒãƒãƒ³/é›»å­ãƒ¬ãƒ³ã‚¸,560445889,Chunling,æ‰ä¸¦åŒº,35.6879709,139.6541552,å»ºç‰©å…¨ä½“,9693,2,0,,,1,123,0,M130038449
1088705318695149975,OPEN6/30)æ–°å®¿ç›´é€š10åˆ†/JRè»çªªé§…å¾’æ­©5åˆ†!ä¸­é‡é§…ã¾ã§é›»è»Š3é§…/å’Œå®¤/ç•³/balcony,450792956,Yasuhiko,æ‰ä¸¦åŒº,35.70753029999999,139.6196791,å»ºç‰©å…¨ä½“,23286,2,0,,,5,155,0,Hotels and Inns Business Act | æ‰ä¸¦åŒºæ‰ä¸¦ä¿å¥æ‰€ | 5æ‰ä¿è¡›ç’°ç¬¬404å·
1089475468210602890,No transfers to Shinjuku/Shibuya,432956453,Sumyca,æ‰ä¸¦åŒº,35.67147,139.65485,å»ºç‰©å…¨ä½“,7430,30,0,,,15,176,0,M130032911
1090150592362619236,Near Asagaya Station/Japanese-style room/4ppl,42244167,æµ©å²,æ‰ä¸¦åŒº,35.704005220005314,139.6333822107903,å»ºç‰©å…¨ä½“,16673,1,12,2024-06-20,2.95,78,310,12,Hotels and Inns Business Act | æ‰ä¸¦åŒºæ‰ä¸¦ä¿å¥æ‰€ | 31æ‰ä¿è¡›ç’°ç¬¬381å·
1091243609851997149,(S13)Kichijoji Loft Apartment/12mins to Shinjuku,311979642,Selina,æ‰ä¸¦åŒº,35.69802,139.59846,å»ºç‰©å…¨ä½“,8286,2,8,2024-06-04,2.64,42,337,8,M130039159
1091248599951703285,(S13F)Kichijoji Loft Apartment/12mins to Shinjuku,311979642,Selina,æ‰ä¸¦åŒº,35.69598760893567,139.59658977949113,å»ºç‰©å…¨ä½“,8286,2,2,2024-06-23,0.62,42,337,2,M130039159
1091249752402254264,(S11)Kichijoji Loft Apartment/12mins to Shinjuku,311979642,Selina,æ‰ä¸¦åŒº,35.69668510261956,139.5966362571573,å»ºç‰©å…¨ä½“,8286,2,3,2024-05-26,0.87,42,348,3,M130039159
1091251236846203916,(S11F)Kichijoji Loft Apartment/12mins to Shinjuku,311979642,Selina,æ‰ä¸¦åŒº,35.69626910658751,139.5982766317281,å»ºç‰©å…¨ä½“,9000,2,2,2024-05-08,0.86,42,348,2,M130039159
1091855431559759684,ã‚¢ãƒ«ã‚«ã‚¤ãƒƒã‚¯101,484177511,Saki,æ‰ä¸¦åŒº,35.67442,139.6214,å»ºç‰©å…¨ä½“,9143,1,0,,,7,20,0,M130038653
1092968711783848998,ã‚¢ãƒ«ã‚«ã‚¤ãƒƒã‚¯102,484177511,Saki,æ‰ä¸¦åŒº,35.67389,139.62285,å»ºç‰©å…¨ä½“,,1,6,2024-06-13,1.51,7,0,6,M130038654
1093004613054103690,ã‚¢ãƒ«ã‚«ã‚¤ãƒƒã‚¯103,484177511,Saki,æ‰ä¸¦åŒº,35.67380149314535,139.62275751127046,å»ºç‰©å…¨ä½“,8857,1,2,2024-05-13,0.80,7,67,2,M130038655
1093232058238122064,ã‚¢ãƒ«ã‚«ã‚¤ãƒƒã‚¯104,484177511,Saki,æ‰ä¸¦åŒº,35.6729121,139.6222784,å»ºç‰©å…¨ä½“,9384,1,2,2024-04-09,0.50,7,31,2,M130038656
1093236253781259854,ã‚¢ãƒ«ã‚«ã‚¤ãƒƒã‚¯201,484177511,Saki,æ‰ä¸¦åŒº,35.6729121,139.6222784,å»ºç‰©å…¨ä½“,9976,1,8,2024-06-19,2.09,7,6,8,M130038657
1093239345218252747,ã‚¢ãƒ«ã‚«ã‚¤ãƒƒã‚¯204,484177511,Saki,æ‰ä¸¦åŒº,35.6729121,139.6222784,å»ºç‰©å…¨ä½“,,1,4,2024-05-30,1.45,7,0,4,M130038658
1093243229323820234,ã‚¢ãƒ«ã‚«ã‚¤ãƒƒã‚¯401,484177511,Saki,æ‰ä¸¦åŒº,35.6729121,139.6222784,å»ºç‰©å…¨ä½“,10357,1,4,2024-04-10,1.02,7,2,4,M130038659
1102609040914097963,"é˜¿æ³¢è¸Šã‚Šç™ºç¥¥åœ°ãƒ»ãŠéƒ¨å±‹åºƒã€…
é«˜å††å¯ºé§…å¾’æ­©4åˆ†ãƒ»æ–°å®¿é§…ä»˜è¿‘
ï¼˜å0kï¼keep luggage ok",196271492,Takumi,æ‰ä¸¦åŒº,35.703415632131104,139.65248903949995,å»ºç‰©å…¨ä½“,19714,1,13,2024-06-09,5.13,4,90,13,Hotels and Inns Business Act | æ‰ä¸¦åŒºæ‰ä¸¦ä¿å¥æ‰€ | 5æ‰ä¿è¡›ç’°ç¬¬286å·
1107901949406773877,SuperHostãƒ»145reviewsãƒ»6m Train Shinjukuãƒ»Koenji Area,111173491,Jerry,æ‰ä¸¦åŒº,35.70837,139.65143,å»ºç‰©å…¨ä½“,40000,4,0,,,4,255,0,M130035585
1108258485506855387,Bedroom & private shower in a house w/kids & cats,88581910,Takako,æ‰ä¸¦åŒº,35.67805046972283,139.65567893876278,ä¸€èˆ¬ä½å®…å€‹å®¤,12571,2,12,2024-06-12,3.36,1,143,12,M130032997
1108693392754666301,Top edge house 203,38655722,"Top Edge Co., Ltd.",æ‰ä¸¦åŒº,35.7035558,139.6299675,ä¸€èˆ¬ä½å®…å€‹å®¤,4800,1,5,2024-06-15,1.90,10,9,5,M130001125
1111209201181648420,ã€newã€‘ãƒ‹ãƒ³ãƒ†ãƒ³ãƒ‰ãƒ¼ã‚¹ã‚¤ãƒƒãƒã‚ã‚Šï¼ç¯‰æµ…ä¸€è»’å®¶ï¼è²¸åˆ‡ï¼å‰ç¥¥å¯ºã®ãŠéš£ã€è³‘ã‚ã„ã®è¡—ã€è¥¿è»çªª,208235672,ãƒã‚¤ã‚±ãƒ«,æ‰ä¸¦åŒº,35.6995601,139.5984904,å»ºç‰©å…¨ä½“,200000,1,0,,,3,270,0,M130035827
1114337157848752536,é«˜å††å¯ºé§…ã‚ˆã‚Šå¾’æ­©ï¼—åˆ†ã€‚æ–°å®¿ã¾ã§é›»è»Šã§ï¼—åˆ†ã®ã‚·ã‚§ã‚¢ãƒã‚¦ã‚¹ã®å€‹å®¤,199825323,Miduki,æ‰ä¸¦åŒº,35.70225226555328,139.65121718491142,ä¸€èˆ¬ä½å®…å€‹å®¤,5214,3,8,2024-06-05,2.86,7,32,8,M130001782
1114801248761539089,The Archaic / Luxury apartment near Shinjuku,228335576,Ted,æ‰ä¸¦åŒº,35.6729121,139.6222784,å»ºç‰©å…¨ä½“,33714,1,15,2024-06-22,4.74,2,234,15,Hotels and Inns Business Act | æ‰ä¸¦åŒºæ‰ä¸¦ä¿å¥æ‰€ | 5æ‰ä¿è¡›ç’°ç¬¬395å·
1115701327848739264,NN8ã‚·ã‚§ã‚¢ãƒã‚¦ã‚¹ã®å€‹å®¤ã€‚æ—¥æœ¬å¼8ç•³ã®ãŠéƒ¨å±‹ã€‚æœ€å¯„ã‚Šé§…ã‚ˆã‚Š10åˆ†,199825323,Miduki,æ‰ä¸¦åŒº,35.69946185135976,139.60453897958604,ä¸€èˆ¬ä½å®…å€‹å®¤,4771,3,1,2024-06-03,1,7,33,1,M130037273
1115824882448416977,(S21)Kichijoji Loft Apartment/12mins to Shinjuku,311979642,Selina,æ‰ä¸¦åŒº,35.69723,139.59674,å»ºç‰©å…¨ä½“,10857,2,3,2024-06-04,1.20,42,331,3,M130039159
1115833116165432175,(S21F)Kichijoji Loft Apartment/12mins to Shinjuku,311979642,Selina,æ‰ä¸¦åŒº,35.6972,139.59863,å»ºç‰©å…¨ä½“,8286,2,3,2024-06-02,1.45,42,331,3,M130039159
1115836883468412101,(ï¼«23)Koenji loft apartment/Shinjuku&Kichijoji/JR,311979642,Selina,æ‰ä¸¦åŒº,35.70151,139.64629,å»ºç‰©å…¨ä½“,10857,2,7,2024-06-24,2.80,42,331,7,M130037505
1115848445722523753,(ï¼«23F)Koenji loft apartment/Shinjuku&Kichijoji/JR,311979642,Selina,æ‰ä¸¦åŒº,35.702376257330734,139.64748889147324,å»ºç‰©å…¨ä½“,10857,2,3,2024-05-27,1.61,42,331,3,M130037505
1115851907922271114,(ï¼«13F)Koenji loft apartment/Shinjuku&Kichijoji/JR,311979642,Selina,æ‰ä¸¦åŒº,35.70357862172191,139.6461666739198,å»ºç‰©å…¨ä½“,11429,2,3,2024-05-06,1.13,42,352,3,M130037505
1115854219440234550,(ï¼«26F)Koenji loft apartment/Shinjuku&Kichijoji/JR,311979642,Selina,æ‰ä¸¦åŒº,35.70356,139.64623,å»ºç‰©å…¨ä½“,8000,2,5,2024-06-14,2.21,42,342,5,M130037505
1115858581576504592,(ï¼«13)Koenji loft apartment/Shinjuku&Kichijoji/JR,311979642,Selina,æ‰ä¸¦åŒº,35.70295076297343,139.64533912720785,å»ºç‰©å…¨ä½“,11429,2,3,2024-05-28,1.30,42,352,3,M130037505
1115861938387933693,(ï¼«26)Koenji loft apartment/Shinjuku&Kichijoji/JR,311979642,Selina,æ‰ä¸¦åŒº,35.70226137840192,139.64748746110473,å»ºç‰©å…¨ä½“,8000,2,1,2024-04-14,0.39,42,342,1,M130037505
1121183379406414626,103 New Open Enzo iogi  é§…å¾’æ­©2åˆ†,177445547,Enzo,æ‰ä¸¦åŒº,35.723244,139.61467,ä¸€èˆ¬ä½å®…å€‹å®¤,4719,1,1,2024-05-18,0.70,37,173,1,Hotels and Inns Business Act | æ‰ä¸¦åŒºæ‰ä¸¦ä¿å¥æ‰€ | 5æ‰ä¿è¡›ç’°ç¬¬409å·
1123472192332796818,Ogikubo/15min to Shinjuku/WiFi/7 people,230910892,Risa & Kei,æ‰ä¸¦åŒº,35.70376,139.61239,å»ºç‰©å…¨ä½“,10000,3,3,2024-05-29,2.09,43,55,3,M130034371
1123636384647023841,102 Enzo iogi,177445547,Enzo,æ‰ä¸¦åŒº,35.723244,139.61467,ä¸€èˆ¬ä½å®…å€‹å®¤,4719,1,6,2024-06-21,3.27,37,247,6,Hotels and Inns Business Act | æ‰ä¸¦åŒºæ‰ä¸¦ä¿å¥æ‰€ | 5æ‰ä¿è¡›ç’°ç¬¬409å·
1123685329602080100,105 Enzo iogi,177445547,Enzo,æ‰ä¸¦åŒº,35.723778353814524,139.61375227421374,ä¸€èˆ¬ä½å®…å€‹å®¤,4719,1,2,2024-06-12,2,37,167,2,Hotels and Inns Business Act | æ‰ä¸¦åŒºæ‰ä¸¦ä¿å¥æ‰€ | 5æ‰ä¿è¡›ç’°ç¬¬409å·
1124916920954524786,201 Enzo iogi,177445547,Enzo,æ‰ä¸¦åŒº,35.723244,139.61467,ä¸€èˆ¬ä½å®…å€‹å®¤,5539,1,2,2024-06-02,1.18,37,96,2,Hotels and Inns Business Act | æ‰ä¸¦åŒºæ‰ä¸¦ä¿å¥æ‰€ | 5æ‰ä¿è¡›ç’°ç¬¬410å·
1124931537708483608,202 Enzo iogi,177445547,Enzo,æ‰ä¸¦åŒº,35.723244,139.61467,ä¸€èˆ¬ä½å®…å€‹å®¤,6741,1,4,2024-06-06,2.18,37,169,4,Hotels and Inns Business Act | æ‰ä¸¦åŒºæ‰ä¸¦ä¿å¥æ‰€ | 5æ‰ä¿è¡›ç’°ç¬¬410å·
1124938795557541136,203 Enzo iogi,177445547,Enzo,æ‰ä¸¦åŒº,35.723244,139.61467,ä¸€èˆ¬ä½å®…å€‹å®¤,4719,1,3,2024-06-15,1.88,37,167,3,Hotels and Inns Business Act | æ‰ä¸¦åŒºæ‰ä¸¦ä¿å¥æ‰€ | 5æ‰ä¿è¡›ç’°ç¬¬410å·
1125830546366998214,10min to Shinjuku/8min to Ogikubo/Wi-Fi/7 people,38092840,Sayaka  &    Riku,æ‰ä¸¦åŒº,35.70553,139.6135,å»ºç‰©å…¨ä½“,11857,3,3,2024-06-11,1.64,20,56,3,M130034373
1127291393867094646,205 Enzo iogi,177445547,Enzo,æ‰ä¸¦åŒº,35.724289481682035,139.61413239329784,ä¸€èˆ¬ä½å®…å€‹å®¤,4719,1,5,2024-05-31,2.73,37,167,5,Hotels and Inns Business Act | æ‰ä¸¦åŒºæ‰ä¸¦ä¿å¥æ‰€ | 5æ‰ä¿è¡›ç’°ç¬¬410å·
1127316925185880054,206 Enzo iogi,177445547,Enzo,æ‰ä¸¦åŒº,35.72324,139.61467,ä¸€èˆ¬ä½å®…å€‹å®¤,5274,1,0,,,37,218,0,Hotels and Inns Business Act | æ‰ä¸¦åŒºæ‰ä¸¦ä¿å¥æ‰€ | 5æ‰ä¿è¡›ç’°ç¬¬410å·
1131046195568156917,2 mins to Sta./Direct to Shinjuku/Modern Japanese,290344657,Toshi,æ‰ä¸¦åŒº,35.70570091978286,139.64876000674593,å»ºç‰©å…¨ä½“,15214,2,7,2024-06-22,2.76,11,63,7,Hotels and Inns Business Act | æ‰ä¸¦åŒºæ‰ä¸¦ä¿å¥æ‰€ | 5æ‰ä¿è¡›ç’°ç¬¬406å·
1131067190148859175,2 mins to Station/Direct to Shinjuku/Atelier room,290344657,Toshi,æ‰ä¸¦åŒº,35.70571398791385,139.64878146441805,å»ºç‰©å…¨ä½“,14786,2,10,2024-06-25,4.29,11,21,10,Hotels and Inns Business Act | æ‰ä¸¦åŒºæ‰ä¸¦ä¿å¥æ‰€ | 5æ‰ä¿è¡›ç’°ç¬¬407å·
1131789761294284957,(K24)Koenji loft apartment/Shinjuku&Kichijoji/JR,311979642,Selina,æ‰ä¸¦åŒº,35.70187,139.64754,å»ºç‰©å…¨ä½“,12000,2,2,2024-05-21,1.07,42,355,2,M130037505
1131793281205622241,(K24F)Koenji loft apartment/Shinjuku&Kichijoji/JR,311979642,Selina,æ‰ä¸¦åŒº,35.70178,139.6459,å»ºç‰©å…¨ä½“,12000,2,3,2024-06-12,2.09,42,355,3,M130037505
1132576877677595007,Tranquil Apt near JR Line 8 Minutes to Shinjuku,379447928,Han,æ‰ä¸¦åŒº,35.70862,139.65292,å»ºç‰©å…¨ä½“,11286,2,0,,,34,75,0,M130040514
1132579646879718194,Tranquil Apt near JR Line 8 Minutes to Shinjuku,379447928,Han,æ‰ä¸¦åŒº,35.70859,139.65478,å»ºç‰©å…¨ä½“,11286,2,1,2024-05-24,0.81,34,90,1,M130040511
1132581807704577485,Tranquil Apt near JR Line 8 Minutes to Shinjuku,379447928,Han,æ‰ä¸¦åŒº,35.70807,139.65264,å»ºç‰©å…¨ä½“,12143,2,2,2024-06-12,2,34,66,2,M130040518
1132583426390932377,Tranquil Apt near JR Line 8 Minutes to Shinjuku,379447928,Han,æ‰ä¸¦åŒº,35.70856928634162,139.65493132830719,å»ºç‰©å…¨ä½“,12143,2,2,2024-06-28,2,34,61,2,M130040516
1132585067886268822,Tranquil Apt near JR Line 8 Minutes to Shinjuku,379447928,Han,æ‰ä¸¦åŒº,35.70875,139.65489,å»ºç‰©å…¨ä½“,12143,2,2,2024-06-01,1.22,34,84,2,M130040514
1132586441869660476,Tranquil Apt near JR Line 8 Minutes to Shinjuku,379447928,Han,æ‰ä¸¦åŒº,35.70816,139.65279,å»ºç‰©å…¨ä½“,10857,2,4,2024-06-19,2.67,34,74,4,M130040517
1132587806743274593,Tranquil Apt near JR Line 8 Minutes to Shinjuku,379447928,Han,æ‰ä¸¦åŒº,35.70878,139.65468,å»ºç‰©å…¨ä½“,12143,2,0,,,34,72,0,M130040515
1132589116105778235,Tranquil Apt near JR Line 8 Minutes to Shinjuku,379447928,Han,æ‰ä¸¦åŒº,35.70818,139.65447,å»ºç‰©å…¨ä½“,10857,2,0,,,34,77,0,M130040512
1133866824527331998,NEWOPEN ã€é§…å¾’æ­©5åˆ†ã€‘128ã¡/æ¸‹è°·é§…ã¾ã§3é§…15åˆ†/æ–°å®¿é§…ã¾ã§2é§…7åˆ†/é€è¿æ‰‹é…/3å¯å®¤ï¼,37725252,Tadashi,æ‰ä¸¦åŒº,35.67167,139.65751,å»ºç‰©å…¨ä½“,37826,2,7,2024-06-24,3.82,7,340,7,M130039559
1134626479659346425,No smoking Shinjuku Direct 2 beds studio Long stay,366084083,Maiko,æ‰ä¸¦åŒº,35.67397,139.62265,å»ºç‰©å…¨ä½“,10871,2,5,2024-06-16,3.19,4,70,5,M130038836
1135216356035279945,8 min to Shinjuku/5 min to Asagaya/Wi-Fi/4 people,230910892,Risa & Kei,æ‰ä¸¦åŒº,35.70781870875696,139.63452395901214,å»ºç‰©å…¨ä½“,8571,3,0,,,43,72,0,M130035828
1137333079351568591,(ï¼«25)Koenji loft apartment/Shinjuku&Kichijoji/JR,311979642,Selina,æ‰ä¸¦åŒº,35.70223,139.64743,å»ºç‰©å…¨ä½“,12286,2,3,2024-05-26,2.20,42,353,3,M130037505
1137367831593595992,(ï¼«25F)Koenji loft apartment/Shinjuku&Kichijoji/JR,311979642,Selina,æ‰ä¸¦åŒº,35.702011683261404,139.64769335839088,å»ºç‰©å…¨ä½“,11143,2,0,,,42,353,0,M130037505
1138632486980917740,ã€é•·æœŸæ»åœ¨ã€‘å¥³æ€§ã‚‚å®‰å¿ƒã€ç¦ç…™ã€€æ–°å®¿ç›´é€šã€ãƒ™ãƒƒãƒ‰2å°ã€ã‚­ãƒƒãƒãƒ³ä»˜ããƒ¯ãƒ³ãƒ«ãƒ¼ãƒ ,366084083,Maiko,æ‰ä¸¦åŒº,35.67403,139.62197,å»ºç‰©å…¨ä½“,12720,29,0,,,4,100,0,M130038808
1138808667695696292,é«˜å††å¯ºé§…ã‚ˆã‚Šå¾’æ­©7åˆ†ã€‚ã‚·ã‚§ã‚¢ãƒã‚¦ã‚¹ã®å€‹å®¤ã€‚æœ€å¤§3åã€‚,199825323,Miduki,æ‰ä¸¦åŒº,35.70218,139.65082,ä¸€èˆ¬ä½å®…å€‹å®¤,4656,3,3,2024-06-14,2.73,7,50,3,M130001782
1141064953756298282,8min  shinjuku/5min asagaya /un wifi/4 ppl/netflix,230910892,Risa & Kei,æ‰ä¸¦åŒº,35.70756714184622,139.6325339672637,å»ºç‰©å…¨ä½“,8457,3,1,2024-06-02,1,43,66,1,M130035832
1141945814014295813,Nishi-ogikubo  è¥¿è»çªªB å‰ç¥¥å¯ºæ­¥è¡Œ15åˆ†,518343589,Alice,æ‰ä¸¦åŒº,35.70076158894476,139.60415675393597,å»ºç‰©å…¨ä½“,26429,2,2,2024-06-10,1.87,20,196,2,M130038137
1146831722267520062,APBé«˜å††å¯º(ãƒ†ãƒ©ã‚¹ä»˜ãï¼‰ æ‰ä¸¦åŒºã®æ—¥å½“ãŸã‚ŠæŠœç¾¤ã€æœ€å¯„ã‚Šé§…ã¾ã§å¾’æ­©7åˆ†ã€æœ€å¤§ï¼’åæ§˜ã¾ã§å®¿æ³Šå¯èƒ½,552068504,ç¦,æ‰ä¸¦åŒº,35.70834427841181,139.65490555725302,å»ºç‰©å…¨ä½“,11643,2,2,2024-06-16,2,14,88,2,M130040518
1146850625709344979,APBé«˜å††å¯ºC-type æ‰ä¸¦åŒºã®æ—¥å½“ãŸã‚ŠæŠœç¾¤ã€æœ€å¯„ã‚Šé§…ã¾ã§å¾’æ­©7åˆ†ã€æœ€å¤§ï¼’åæ§˜ã¾ã§å®¿æ³Šå¯èƒ½,552068504,ç¦,æ‰ä¸¦åŒº,35.70834,139.65345,å»ºç‰©å…¨ä½“,11643,2,0,,,14,125,0,M130040517
1147793011194573589,APBé«˜å††å¯ºC-type æ‰ä¸¦åŒºã®æ—¥å½“ãŸã‚ŠæŠœç¾¤ã€æœ€å¯„ã‚Šé§…ã¾ã§å¾’æ­©7åˆ†ã€æœ€å¤§ï¼’åæ§˜ã¾ã§å®¿æ³Šå¯èƒ½,552068504,ç¦,æ‰ä¸¦åŒº,35.7092256,139.6539177,å»ºç‰©å…¨ä½“,11643,2,1,2024-06-03,1,14,129,1,M130040514
1147816504784505355,APBé«˜å††å¯ºC-type æ‰ä¸¦åŒºã®æ—¥å½“ãŸã‚ŠæŠœç¾¤ã€æœ€å¯„ã‚Šé§…ã¾ã§å¾’æ­©7åˆ†ã€æœ€å¤§ï¼’åæ§˜ã¾ã§å®¿æ³Šå¯èƒ½,552068504,ç¦,æ‰ä¸¦åŒº,35.708035388104804,139.6548875141098,å»ºç‰©å…¨ä½“,11643,2,1,2024-06-16,1,14,156,1,M130040511
1147825226430399413,APBé«˜å††å¯ºB-type æ‰ä¸¦åŒºã®æ—¥å½“ãŸã‚ŠæŠœç¾¤ã€æœ€å¯„ã‚Šé§…ã¾ã§å¾’æ­©7åˆ†ã€æœ€å¤§ï¼’åæ§˜ã¾ã§å®¿æ³Šå¯èƒ½,552068504,ç¦,æ‰ä¸¦åŒº,35.7081,139.65305,å»ºç‰©å…¨ä½“,11643,2,0,,,14,154,0,M130040516
1147830970872067727,APBé«˜å††å¯ºB-type æ‰ä¸¦åŒºã®æ—¥å½“ãŸã‚ŠæŠœç¾¤ã€æœ€å¯„ã‚Šé§…ã¾ã§å¾’æ­©7åˆ†ã€æœ€å¤§ï¼’åæ§˜ã¾ã§å®¿æ³Šå¯èƒ½,552068504,ç¦,æ‰ä¸¦åŒº,35.7092256,139.6539177,å»ºç‰©å…¨ä½“,11643,2,2,2024-06-09,2,14,149,2,M130040513
1147833277081380046,APBé«˜å††å¯ºB-type æ‰ä¸¦åŒºã®æ—¥å½“ãŸã‚ŠæŠœç¾¤ã€æœ€å¯„ã‚Šé§…ã¾ã§å¾’æ­©7åˆ†ã€æœ€å¤§ï¼’åæ§˜ã¾ã§å®¿æ³Šå¯èƒ½,552068504,ç¦,æ‰ä¸¦åŒº,35.7092256,139.6539177,å»ºç‰©å…¨ä½“,11643,2,1,2024-06-09,1,14,154,1,M130040510
1147835074441470935,APBé«˜å††å¯ºB-type æ‰ä¸¦åŒºã®æ—¥å½“ãŸã‚ŠæŠœç¾¤ã€æœ€å¯„ã‚Šé§…ã¾ã§å¾’æ­©7åˆ†ã€æœ€å¤§ï¼’åæ§˜ã¾ã§å®¿æ³Šå¯èƒ½,552068504,ç¦,æ‰ä¸¦åŒº,35.7092256,139.6539177,å»ºç‰©å…¨ä½“,11643,2,0,,,14,161,0,M130040508
1147837602312341304,APBé«˜å††å¯ºA-type æ‰ä¸¦åŒºã®æ—¥å½“ãŸã‚ŠæŠœç¾¤ã€æœ€å¯„ã‚Šé§…ã¾ã§å¾’æ­©7åˆ†ã€æœ€å¤§ï¼’åæ§˜ã¾ã§å®¿æ³Šå¯èƒ½,552068504,ç¦,æ‰ä¸¦åŒº,35.7092256,139.6539177,å»ºç‰©å…¨ä½“,11643,2,0,,,14,144,0,M130040515
1147845447359282962,APBé«˜å††å¯ºA-type æ‰ä¸¦åŒºã®æ—¥å½“ãŸã‚ŠæŠœç¾¤ã€æœ€å¯„ã‚Šé§…ã¾ã§å¾’æ­©7åˆ†ã€æœ€å¤§ï¼’åæ§˜ã¾ã§å®¿æ³Šå¯èƒ½,552068504,ç¦,æ‰ä¸¦åŒº,35.7092256,139.6539177,å»ºç‰©å…¨ä½“,11643,2,2,2024-06-17,2,14,152,2,M130040512
1147868750684414496,APBé«˜å††å¯ºA-type æ‰ä¸¦åŒºã®æ—¥å½“ãŸã‚ŠæŠœç¾¤ã€æœ€å¯„ã‚Šé§…ã¾ã§å¾’æ­©7åˆ†ã€æœ€å¤§ï¼’åæ§˜ã¾ã§å®¿æ³Šå¯èƒ½,552068504,ç¦,æ‰ä¸¦åŒº,35.7092256,139.6539177,å»ºç‰©å…¨ä½“,11643,2,0,,,14,171,0,M130040509
1147877892931675278,APBé«˜å††å¯ºA-type æ‰ä¸¦åŒºã®æ—¥å½“ãŸã‚ŠæŠœç¾¤ã€æœ€å¯„ã‚Šé§…ã¾ã§å¾’æ­©7åˆ†ã€æœ€å¤§ï¼’åæ§˜ã¾ã§å®¿æ³Šå¯èƒ½,552068504,ç¦,æ‰ä¸¦åŒº,35.7092256,139.6539177,å»ºç‰©å…¨ä½“,11643,2,1,2024-05-22,0.77,14,163,1,M130040507
1150233084782353053,æ–°å®¿é§…ã¾ã§é›»è»Šã§6åˆ†/å¤§å‹¢è²¸åˆ‡ã‚Šï¼é«˜å††å¯ºé§…åŒ—å£4åˆ†/æ—¥æœ¬äººã«å¤§äººæ°—ã‚¨ãƒªã‚¢,476371170,Junko,æ‰ä¸¦åŒº,35.70678,139.6487,å»ºç‰©å…¨ä½“,41074,1,1,2024-05-27,0.88,38,154,1,Hotels and Inns Business Act | æ‰ä¸¦åŒºæ‰ä¸¦ä¿å¥æ‰€ | 5æ‰ä¿è¡›ç’°ç¬¬432å·
1150622753974244279,è¥¿è»æ¼¥ è½¦ç«™7åˆ†é’Ÿ å››å®¤ä¸€å… 2F,518343589,Alice,æ‰ä¸¦åŒº,35.70218,139.60605,å»ºç‰©å…¨ä½“,19000,2,0,,,20,253,0,M130038137
1157007720579162548,æ–°ç¯‰ä¸€è»’å®¶è²¸åˆ‡ã€‚æ–°å®¿é§…8åˆ†ãƒ»é˜¿ä½è°·å¾’æ­©6åˆ†ãƒ»æœ€å¤§7äººå®¿æ³Šå¯,229928127,Takao,æ‰ä¸¦åŒº,35.7077983,139.6398991,å»ºç‰©å…¨ä½“,25857,2,4,2024-06-27,4,3,291,4,M130041289
1158257908019516501,æ–°å®¿é§…é›»è»Šã§9åˆ† å‰ç¥¥å¯ºé§…4åˆ†/ç„¡æ–™WiFi /è‡ªè»¢è»Šç„¡æ–™ãƒ¬ãƒ³ã‚¿ãƒ«/é›»å‹•ã‚­ãƒƒã‚¯ãƒœãƒ¼ãƒ‰è¨­ç½®,526429351,Akemi And Yuta,æ‰ä¸¦åŒº,35.712775529076424,139.6115274181781,å»ºç‰©å…¨ä½“,18571,1,2,2024-06-18,1.76,3,258,2,M130040650
1159451617920129364,Top edge house 101,38655722,"Top Edge Co., Ltd.",æ‰ä¸¦åŒº,35.703647279333424,139.62998359325408,ä¸€èˆ¬ä½å®…å€‹å®¤,4800,1,0,,,10,22,0,M130001125
1159776888112900178,2 mins to Sta./Direct to Shinjuku/Japanese Deluxe,290344657,Toshi,æ‰ä¸¦åŒº,35.7057227,139.6487761,å»ºç‰©å…¨ä½“,12857,2,6,2024-06-12,5.29,11,48,6,Hotels and Inns Business Act | æ‰ä¸¦åŒºæ‰ä¸¦ä¿å¥æ‰€ | 5æ‰ä¿è¡›ç’°ç¬¬406å·
1160410952764114015,ã€Monthlyã€‘JRé˜¿ä½è°·é§…ã¾ã§å¾’æ­©ï¼‘åˆ†ã€æ–°å®¿8åˆ†/é™ã‹ãªé‡£ã‚Šå €ãƒ“ãƒ¥ãƒ¼/æœ€å¤§4,11686184,Yoko,æ‰ä¸¦åŒº,35.70546,139.63389,å»ºç‰©å…¨ä½“,22038,30,0,,,2,198,0,M130002732
1161167422403338488,1éšã‚·ã‚§ã‚¢ãƒ«ãƒ¼ãƒ ã®å€‹å®¤ã€€é§…è¿‘ã€€,93851602,Shigeru,æ‰ä¸¦åŒº,35.68218419531329,139.65875250734695,ä¸€èˆ¬ä½å®…å€‹å®¤,8000,3,1,2024-05-30,1,6,104,1,M130000001
1161168742654782668,ã€é•·æœŸæ»åœ¨ã€‘é«˜å††å¯ºé§…5åˆ†ã€€ãƒ¯ã‚¤ãƒ‰ãƒ€ãƒ–ãƒ«ãƒ™ãƒƒãƒ‰ï¼†ã‚¨ã‚¯ã‚¹ãƒˆãƒ©ãƒ™ãƒƒãƒ‰,76857645,Hide And Aya,æ‰ä¸¦åŒº,35.70696489858622,139.6481370184104,å»ºç‰©å…¨ä½“,31714,30,0,,,4,202,0,M130033617
1161291736320434314,Long term stay in Suginami/15-min ride to Shibuya!,68828017,Nanako,æ‰ä¸¦åŒº,35.67885176382207,139.63487865681844,å»ºç‰©å…¨ä½“,24000,30,0,,,2,112,0,M130000079
1162314997011283750,Top edge hostel 201,38655722,"Top Edge Co., Ltd.",æ‰ä¸¦åŒº,35.70365,139.62997,ä¸€èˆ¬ä½å®…å€‹å®¤,5000,1,3,2024-06-14,2.65,10,26,3,M130001125
1162336999721534306,æ–°å®¿ã¾ã§é›»è»Šã§7åˆ†ï¼70å¹³ç±³åºƒã€…æœ€å¤§9åå¯èƒ½/ãƒ™ãƒƒãƒ‰5å°,558808564,Kanta,æ‰ä¸¦åŒº,35.6756,139.65938,å»ºç‰©å…¨ä½“,37000,2,1,2024-06-24,1,3,320,1,M130041425
1162907570351160827,301 Enzo iogi,177445547,Enzo,æ‰ä¸¦åŒº,35.72308840000001,139.6145505,ä¸€èˆ¬ä½å®…å€‹å®¤,4200,1,0,,,37,122,0,M130041290
1162916377027076634,302 Enzo iogi,177445547,Enzo,æ‰ä¸¦åŒº,35.72412430806874,139.61344446034764,ä¸€èˆ¬ä½å®…å€‹å®¤,6000,1,1,2024-06-24,1,37,138,1,M130041291
1162921399581539494,303 Enzo iogi,177445547,Enzo,æ‰ä¸¦åŒº,35.72366,139.61568,ä¸€èˆ¬ä½å®…å€‹å®¤,6000,1,0,,,37,135,0,M130041292
1162925307467228954,305 Enzo iogi,177445547,Enzo,æ‰ä¸¦åŒº,35.72373681054942,139.61559969664538,ä¸€èˆ¬ä½å®…å€‹å®¤,4800,1,2,2024-06-25,2,37,156,2,M130041293
1162933872551756235,306 Enzo iogi,177445547,Enzo,æ‰ä¸¦åŒº,35.72218,139.61518,ä¸€èˆ¬ä½å®…å€‹å®¤,6000,1,1,2024-06-17,1,37,144,1,M130041294
1162937843320263514,401 Enzo iogi,177445547,Enzo,æ‰ä¸¦åŒº,35.72254,139.61381,ä¸€èˆ¬ä½å®…å€‹å®¤,6000,1,0,,,37,162,0,M130041295
1162943752344384574,402 Enzo iogi,177445547,Enzo,æ‰ä¸¦åŒº,35.72361745232829,139.6136730291927,ä¸€èˆ¬ä½å®…å€‹å®¤,6000,1,0,,,37,151,0,M130041296
1162948569334206414,403 Enzo iogi,177445547,Enzo,æ‰ä¸¦åŒº,35.72427845679926,139.61476842629204,ä¸€èˆ¬ä½å®…å€‹å®¤,6000,1,0,,,37,155,0,M130041297
1162953779138576489,406 Enzo iogi,177445547,Enzo,æ‰ä¸¦åŒº,35.724023106132556,139.61529255370394,ä¸€èˆ¬ä½å®…å€‹å®¤,6000,1,2,2024-06-25,2,37,158,2,M130041299
1162958348069215110,405 Enzo iogi,177445547,Enzo,æ‰ä¸¦åŒº,35.72242424359239,139.61352875878745,ä¸€èˆ¬ä½å®…å€‹å®¤,4800,1,1,2024-06-22,1,37,150,1,M130041298
1162971419540601402,501 Enzo iogi,177445547,Enzo,æ‰ä¸¦åŒº,35.723872380804586,139.61499282572376,ä¸€èˆ¬ä½å®…å€‹å®¤,6000,1,0,,,37,148,0,M130041300
1162976748232453781,502 Enzo iogi,177445547,Enzo,æ‰ä¸¦åŒº,35.72418744760286,139.61351685260738,ä¸€èˆ¬ä½å®…å€‹å®¤,4200,1,0,,,37,88,0,M130041301
1163114754170193154,506 Enzo iogi,177445547,Enzo,æ‰ä¸¦åŒº,35.72193126456903,139.61552726994623,ä¸€èˆ¬ä½å®…å€‹å®¤,6000,1,0,,,37,126,0,M130041304
1163179637090954109,505 Enzo iogi,177445547,Enzo,æ‰ä¸¦åŒº,35.72387,139.61524,ä¸€èˆ¬ä½å®…å€‹å®¤,4800,1,0,,,37,121,0,M130041303
1167510711601576188,Monthly Free. walk from Higashi-Koenji Stationã€€,543430836,èˆ,æ‰ä¸¦åŒº,35.7005059,139.6598669,å»ºç‰©å…¨ä½“,20000,28,0,,,2,132,0,M130036572
1167852795665231094,Open Promoãƒ»SuperHostãƒ»145ï¼‹reviewsãƒ»9m Train Shinjuku,111173491,Jerry,æ‰ä¸¦åŒº,35.6944992,139.6462354,å»ºç‰©å…¨ä½“,39286,3,1,2024-06-19,1,4,315,1,Hotels and Inns Business Act | æ‰ä¸¦åŒºæ‰ä¸¦ä¿å¥æ‰€ | 5æ‰ä¿è¡›ç’°ç¬¬460å·
1168122593610607325,One room apartment. 20 min to Shinjuku,54434007,Shohei,æ‰ä¸¦åŒº,35.6752997,139.6594439,å»ºç‰©å…¨ä½“,7429,1,1,2024-06-13,1,5,149,1,Hotels and Inns Business Act | æ‰ä¸¦åŒºæ‰ä¸¦ä¿å¥æ‰€ | 6æ‰ä¿è¡›ç’°ç¬¬2å·
1169128122610693829,"2min from the station, 10min to Shinjuku by train",419892638,è–èŠ¬,æ‰ä¸¦åŒº,35.683543585032254,139.65722966240315,å»ºç‰©å…¨ä½“,11571,1,2,2024-06-26,2,1,62,2,M130039606
1171231136047861291,private room with a patio and a cute dog,581282105,å¥½å­,æ‰ä¸¦åŒº,35.7066172,139.6111862,ä¸€èˆ¬ä½å®…å€‹å®¤,8000,1,1,2024-06-09,1,1,71,1,M130040588
1172041747571285345,"""TRIP PERCH"" 30ã¡ æœ€å¤§5å ä¸ŠåŒ—æ²¢é§…ã‹ã‚‰å¾’æ­©6åˆ†",36775835,Kei,æ‰ä¸¦åŒº,35.6729235,139.6222924,å»ºç‰©å…¨ä½“,16371,1,1,2024-06-15,1,2,180,1,Hotels and Inns Business Act | æ‰ä¸¦åŒºæ‰ä¸¦ä¿å¥æ‰€ | 6æ‰ä¿è¡›ç’°ç¬¬9å·
1181431545105603420,New Open/6min Shinjuku/14min Shibuya/3min st/4ppl,533627789,Manabu,æ‰ä¸¦åŒº,35.6721692,139.6600862,å»ºç‰©å…¨ä½“,17257,3,0,,,2,309,0,Hotels and Inns Business Act |  ä¸–ç”°è°·åŒºä¸–ç”°è°·ä¿å¥æ‰€ | 6ä¸–ä¿ç”Ÿç’°ç¬¬199å·
1181510608149733196,è¥¿è»æ¼¥ è½¦ç«™7åˆ†é’Ÿ å››å®¤ä¸€å… 1F,518343589,Alice,æ‰ä¸¦åŒº,35.70236846198596,139.60624028579295,å»ºç‰©å…¨ä½“,20000,2,0,,,20,246,0,M130038136
1187518809786482087,ã€é•·æœŸå°‚ç”¨ã€‘Cozy retreat2,76857645,Hide And Aya,æ‰ä¸¦åŒº,35.70688,139.64644,å»ºç‰©å…¨ä½“,16000,30,0,,,4,227,0,M130035565
